respondent_c,a2,a3a,a3b,a3c,a3d,a3e,a3f,a3g,a3h,a3i,a3j,a3k,a3l,a4a,a4g,a4h,a4c,a4d,a4e,a4f,a4i,a5,b1,b3,b6a,b6b,b6c,b6d,b6e,b6f,b6g,b7a,b7b,b7c,b7d,b7e,b7f,b8a
cwda0001,11,1,1,0,0,0,1,0,0,0,0,0,0,1,0,0,0,0,0,1,0,4,9,3,2,5,2,4,2,6,2,2,2,1,1,1,6,#NULL!
cola0003,16,1,1,0,0,1,0,0,0,0,0,0,0,1,0,0,0,0,0,1,0,4,16,2,3,4,2,1,1,1,1,1,2,1,1,1,1,#NULL!
cgta0005,12,1,1,0,1,0,1,0,0,0,0,0,0,1,0,0,0,0,0,1,1,5,11,2,4,2,3,2,4,2,1,2,4,4,4,4,2,#NULL!
ccxa0006,15,1,1,0,0,0,1,0,0,0,0,0,0,1,0,0,0,0,0,0,0,4,10,2,2,3,2,2,1,2,1,2,2,2,2,2,1,#NULL!
ceub0012,9,1,1,0,0,1,1,0,0,0,0,0,0,1,0,0,0,0,0,0,0,3,7,2,1,1,1,1,1,1,1,4,5,3,2,2,1,1
cwbc0014,16,1,1,0,0,0,1,0,0,0,0,0,0,1,0,0,0,0,0,0,0,5,13,2,2,2,2,2,1,1,1,1,2,2,1,1,1,#NULL!
cojc0016,10,1,1,0,0,1,1,0,0,0,0,0,0,1,0,0,0,0,0,0,0,3,6,2,1,2,4,1,1,4,1,1,4,2,4,1,1,#NULL!
cucd0021,10,0,0,0,0,1,1,0,0,0,0,0,0,1,0,0,0,0,0,0,0,3,7,2,2,2,6,1,2,6,1,2,5,2,1,6,1,#NULL!
cmkd0023,9,1,1,0,0,0,0,0,0,0,0,0,0,1,0,0,0,0,0,0,0,3,9,2,2,2,1,1,1,1,1,3,1,1,1,3,4,2
ciod0024,12,1,1,0,0,1,1,0,0,0,0,0,0,1,0,0,0,0,0,1,0,4,12,3,4,4,4,4,2,2,2,1,6,2,4,1,1,#NULL!
csde0028,15,1,1,0,0,0,0,0,0,0,0,0,0,1,0,0,0,0,0,0,0,3,14,2,3,3,2,1,1,6,1,2,4,2,2,2,1,#NULL!
cywe0033,13,1,0,0,0,0,0,0,0,0,0,0,0,1,0,0,0,0,0,0,0,4,12,2,2,3,2,1,1,2,1,2,2,2,2,1,1,#NULL!
cuaf0034,14,1,1,0,0,0,1,0,0,0,0,0,0,1,0,0,0,0,0,0,0,4,13,2,1,3,1,1,1,4,3,2,2,2,1,1,2,#NULL!
ceqf0038,17,1,1,0,0,1,1,0,0,0,0,0,0,1,0,0,0,0,0,0,0,5,17,4,1,5,2,99,99,5,1,5,99,2,2,1,99,1
cauf0039,13,1,1,0,0,1,0,0,0,0,0,0,0,1,0,0,0,0,0,0,0,4,11,3,2,2,1,2,1,2,1,2,2,5,4,1,1,#NULL!
csbg0041,11,1,1,0,0,0,0,0,0,0,0,0,0,1,0,0,0,0,0,0,0,4,11,2,5,5,2,2,2,2,3,7,5,6,5,2,4,1
cgng0044,13,1,1,0,0,0,1,0,0,0,0,0,0,1,0,0,0,0,0,1,1,4,10,2,1,1,3,1,1,1,1,1,3,4,1,1,1,#NULL!
ccrg0045,12,1,1,0,0,1,0,0,0,0,0,0,0,1,0,0,0,0,0,0,0,4,12,2,2,2,2,2,2,2,2,2,2,2,2,2,2,#NULL!
cqch0048,16,1,1,0,0,0,1,0,0,0,0,0,0,1,0,0,0,0,0,1,1,4,12,4,2,7,2,2,1,7,1,6,7,5,2,2,2,2
ceoh0051,9,1,0,0,0,0,0,0,0,0,0,0,0,1,0,0,0,0,0,0,0,3,8,2,3,1,1,1,1,1,2,1,1,3,3,1,2,#NULL!
cash0052,11,1,1,0,0,0,1,0,0,0,0,0,0,1,0,0,0,0,0,1,0,3,10,2,2,2,2,1,2,4,2,2,2,1,1,2,2,#NULL!
cwvh0053,10,1,1,0,0,0,1,0,0,0,0,0,0,1,0,0,0,0,0,1,0,3,9,3,2,1,1,1,1,1,1,2,1,1,1,1,2,#NULL!
cszh0054,13,1,1,0,0,0,1,0,0,0,0,0,0,1,0,0,0,0,0,0,0,4,12,2,2,2,1,2,2,4,2,5,6,2,2,6,2,1
cuwi0060,16,0,0,0,0,1,0,0,1,0,0,0,0,1,0,0,0,0,0,0,0,4,12,2,5,5,4,5,2,2,1,1,5,4,4,6,1,#NULL!
cmej0062,9,0,1,0,0,1,0,0,0,0,0,0,0,1,0,0,0,0,0,0,0,3,10,2,2,2,4,2,1,1,3,2,1,1,1,1,1,#NULL!
cemj0064,11,1,1,0,0,0,1,0,0,0,0,0,0,1,0,0,0,0,0,0,0,3,11,1,2,1,3,3,1,1,1,1,1,2,1,1,1,#NULL!
cobk0068,17,0,1,0,0,0,1,0,0,0,0,0,0,0,0,0,1,0,0,1,1,5,16,2,2,2,2,2,1,5,1,5,5,1,1,1,1,1
cmcl0075,15,1,0,0,0,0,0,0,0,0,0,0,0,1,0,0,0,0,0,0,0,4,15,3,2,1,1,4,1,1,4,1,2,4,1,1,2,#NULL!
cwrl0079,12,1,1,0,0,0,0,0,1,0,0,0,0,1,0,0,0,0,0,0,0,3,12,4,3,2,2,2,1,2,2,5,2,2,1,1,1,1
cozl0081,10,1,1,0,0,0,1,0,0,0,0,0,0,1,0,0,0,0,0,0,0,3,10,2,1,4,4,2,1,4,2,4,4,1,1,1,2,1
cyom0085,13,1,1,0,0,0,0,0,0,0,0,0,0,1,0,0,0,0,0,0,0,4,12,3,4,2,2,2,2,2,2,2,2,2,2,2,2,#NULL!
cusm0086,15,1,0,0,0,0,1,0,0,0,0,0,0,1,0,0,0,0,0,0,0,4,9,2,2,5,5,2,2,6,2,1,5,2,2,2,1,#NULL!
cman0088,16,1,1,0,0,0,1,0,0,0,0,0,0,1,0,0,0,0,0,0,0,4,14,2,1,4,4,4,5,2,6,2,4,2,1,2,2,#NULL!
cwpn0092,10,99,99,99,99,99,99,99,99,99,99,99,99,1,0,0,0,0,0,1,0,3,10,2,4,4,4,4,2,2,1,4,4,4,4,4,2,1
ckbo0095,13,0,0,0,0,1,1,0,0,0,0,0,0,1,0,0,0,0,0,1,0,4,11,2,1,2,2,2,1,1,1,2,2,2,2,2,1,#NULL!
cuqo0099,16,0,1,1,0,1,1,0,0,0,0,0,0,1,0,0,0,0,0,0,0,4,13,3,2,5,6,2,2,2,99,1,5,1,2,2,2,#NULL!
cbaa0100,17,1,1,0,0,0,0,0,0,0,0,0,0,1,0,0,0,0,0,0,0,5,10,3,2,2,2,2,2,2,2,2,2,2,2,2,2,#NULL!
cxda0101,9,1,0,0,0,0,0,0,0,0,0,0,0,1,0,0,0,0,0,0,0,3,8,2,2,2,1,1,1,1,3,1,1,1,1,1,1,#NULL!
cdxa0106,15,1,1,0,0,0,1,0,0,0,0,0,0,1,0,0,0,0,0,1,1,4,11,3,1,1,3,2,6,7,2,7,7,1,1,1,1,2
czab0107,16,0,1,0,0,0,1,0,0,0,0,0,0,1,1,0,0,0,0,0,0,5,10,4,2,7,2,2,2,7,2,2,7,4,3,2,4,#NULL!
cveb0108,17,1,1,0,0,1,1,0,0,0,0,0,0,1,0,0,0,0,0,1,0,3,7,2,6,6,6,6,6,2,5,2,2,6,6,2,2,#NULL!
cbyb0113,11,1,1,0,0,0,1,0,0,0,0,0,0,1,0,0,0,0,0,0,0,3,10,4,4,4,2,2,2,2,2,2,2,2,5,2,2,#NULL!
cpjc0116,13,1,1,0,0,0,1,0,0,0,0,0,0,1,0,0,0,0,0,1,0,4,10,3,1,5,2,1,1,2,1,1,5,2,4,5,1,#NULL!
cvcd0121,10,1,0,0,0,1,0,0,0,0,0,0,0,1,0,0,0,0,0,0,0,3,8,2,1,2,1,2,1,1,6,2,2,2,1,6,1,#NULL!
cnkd0123,14,1,1,0,0,0,1,0,0,0,0,0,0,1,0,0,0,0,0,1,0,1,1,3,1,6,2,1,2,6,2,2,6,2,2,2,1,#NULL!
cbwd0126,15,1,1,0,0,0,1,0,0,0,0,0,0,1,0,0,0,0,0,0,0,4,12,2,2,2,2,1,2,2,4,5,2,2,1,2,1,2
cxzd0127,16,0,0,0,0,0,1,0,0,0,0,0,0,1,0,0,0,0,0,0,0,4,8,2,6,6,5,6,2,5,2,5,5,2,2,2,2,2
ctde0128,17,1,1,0,0,0,1,0,0,0,0,0,0,1,0,0,0,0,0,0,0,99,11,2,5,5,5,6,2,2,5,5,5,4,7,2,2,1
chpe0131,9,1,1,0,1,1,1,0,0,1,0,0,1,1,0,0,0,0,0,1,0,3,9,3,2,2,2,4,2,8,4,2,2,2,2,2,2,#NULL!
czwe0133,13,0,0,0,0,0,0,0,0,0,0,0,1,1,0,0,0,0,0,0,0,4,8,3,4,4,2,2,1,3,2,2,5,2,2,2,2,#NULL!
cnif0136,15,1,0,0,0,1,1,0,0,0,0,0,0,1,0,0,0,0,0,1,0,4,14,4,7,7,2,2,2,7,4,2,4,4,1,1,8,#NULL!
cjmf0137,15,1,0,0,1,0,0,0,0,0,0,0,0,1,0,0,0,0,0,0,1,3,1,2,2,2,2,3,2,3,2,2,3,3,2,2,2,#NULL!
cfqf0138,17,1,1,0,0,0,1,0,0,0,0,0,0,1,0,0,0,0,0,0,0,4,15,2,4,2,2,5,1,5,2,1,2,1,1,1,1,#NULL!
ctbg0141,9,1,0,0,0,1,0,0,0,0,0,0,0,1,0,0,0,0,0,0,0,3,7,2,2,1,2,8,1,2,1,2,2,2,2,2,2,#NULL!
cpfg0142,11,1,1,0,0,0,0,0,0,0,0,0,0,1,0,0,0,0,0,0,0,3,11,99,1,6,6,2,2,6,1,6,99,99,6,7,99,1
cljg0143,10,1,1,0,0,0,0,0,0,0,0,0,0,1,0,0,0,0,0,0,0,2,99,1,1,5,1,1,1,1,1,5,1,1,1,1,1,1
cdrg0145,14,1,1,0,0,0,1,0,0,0,0,0,0,1,0,0,0,0,0,1,0,4,11,1,2,6,2,2,1,2,2,2,5,2,1,2,2,#NULL!
czug0146,12,1,1,0,0,0,0,0,0,0,0,0,0,1,0,0,0,0,0,1,0,3,10,2,1,2,2,2,1,5,2,5,1,2,2,2,1,1
crch0148,15,1,1,0,0,0,0,0,0,0,0,0,0,1,0,0,0,0,0,0,0,4,12,4,2,5,2,1,2,2,2,2,5,2,2,2,1,#NULL!
cngh0149,17,1,0,0,0,1,0,0,0,0,0,0,0,1,0,0,0,0,0,1,0,8,17,4,1,2,1,1,1,1,2,1,3,1,1,1,1,#NULL!
cbsh0152,13,1,1,0,0,0,0,0,0,0,0,0,0,1,99,99,99,99,99,99,99,4,10,2,2,2,2,2,2,2,2,2,2,2,3,2,2,#NULL!
cbsh0152,13,1,1,0,0,0,0,0,0,0,0,0,0,1,99,99,99,99,99,99,99,4,10,2,2,2,2,2,2,2,2,2,2,2,3,2,2,#NULL!
cxvh0153,13,1,1,0,0,0,0,0,0,0,0,0,0,1,0,0,0,0,0,1,1,4,11,2,2,2,2,2,2,2,2,2,3,2,2,2,2,2
cxvh0153,13,1,1,0,0,0,0,0,0,0,0,0,0,1,0,0,0,0,0,1,1,4,11,2,2,2,2,2,2,2,2,2,3,2,2,2,2,2
cpdi0155,14,1,1,0,0,0,1,0,0,0,0,0,0,1,0,0,0,0,0,1,0,3,11,2,5,2,2,4,2,2,1,5,5,2,2,2,5,2
chli0157,16,1,1,0,0,1,1,0,0,0,0,0,0,1,0,0,0,0,0,1,0,5,13,3,4,5,5,4,1,2,2,4,5,4,4,3,2,2
cdpi0158,16,1,1,0,0,0,0,0,0,0,0,0,0,1,0,0,0,0,0,0,0,5,11,2,1,2,2,2,2,3,2,2,2,2,2,2,1,#NULL!
cdpi0158,16,1,1,0,0,0,0,0,0,0,0,0,0,1,0,0,0,0,0,0,0,5,11,2,1,2,2,2,2,3,2,2,2,2,2,2,1,#NULL!
czsi0159,17,0,0,0,0,0,1,0,0,0,0,0,0,1,0,0,0,0,0,0,0,4,10,2,5,5,5,2,1,8,2,2,2,5,8,2,2,#NULL!
cvwi0160,14,1,1,0,0,0,1,0,0,0,0,0,0,1,0,0,0,0,0,0,1,4,10,1,1,2,2,2,2,2,2,2,2,2,2,2,2,#NULL!
cvwi0160,14,1,1,0,0,0,1,0,0,0,0,0,0,1,0,0,0,0,0,0,1,4,10,1,1,2,2,2,2,2,2,2,2,2,2,2,2,#NULL!
craj0161,10,1,1,0,0,0,1,0,0,0,0,0,0,1,0,0,0,0,0,0,0,3,9,2,1,2,1,1,1,2,1,1,1,1,1,2,1,#NULL!
cnej0162,11,1,0,0,0,1,0,0,0,0,0,0,0,1,0,0,0,0,0,0,0,3,9,2,2,2,2,2,2,1,1,1,2,1,4,1,1,#NULL!
cxtj0166,12,1,1,0,0,0,1,0,0,0,0,0,0,1,0,0,0,0,0,1,0,4,10,3,2,6,2,1,1,2,1,1,6,1,1,1,1,#NULL!
clfk0169,17,1,1,0,0,0,0,0,0,0,0,0,0,1,0,0,0,0,0,0,0,5,14,2,7,7,7,7,5,2,2,2,7,2,2,2,1,#NULL!
cdnk0171,9,1,0,0,0,0,1,0,0,0,0,0,0,1,0,0,0,0,0,0,0,3,7,3,1,4,4,1,99,4,4,5,5,1,1,5,1,1
cryk0174,11,1,1,0,0,0,0,0,0,0,0,0,0,1,0,0,0,0,0,0,0,4,5,1,1,1,1,1,1,2,1,1,1,2,1,1,1,#NULL!
cncl0175,12,1,1,0,0,0,1,0,0,0,0,0,0,1,0,0,0,0,0,1,0,4,12,2,4,2,4,4,2,2,2,2,2,2,2,4,99,#NULL!
cxrl0179,16,1,1,0,0,0,0,0,0,0,0,0,0,1,0,0,0,0,0,1,0,5,1,2,5,5,5,4,2,5,2,4,2,2,2,2,1,2
chhm0183,13,1,1,0,0,0,1,0,0,0,0,0,0,1,0,0,0,0,0,0,0,4,12,2,1,4,2,2,1,2,2,1,4,3,1,1,1,#NULL!
cdlm0184,14,1,1,0,0,0,1,0,0,0,0,0,0,1,0,0,0,0,0,0,0,4,12,3,8,5,6,3,3,6,5,5,2,3,2,6,6,1
crwm0187,15,0,1,0,0,0,1,0,0,0,0,0,0,1,0,0,0,0,0,0,0,5,13,3,2,2,2,4,2,6,2,1,3,2,1,2,1,#NULL!
cnan0188,16,1,0,0,0,0,1,0,0,0,0,0,0,1,0,0,0,0,0,0,0,5,14,2,2,6,2,2,2,6,1,4,4,2,6,2,8,2
cjen0189,15,1,1,0,0,1,0,0,0,0,0,0,0,1,0,0,0,0,0,1,0,4,12,2,4,4,4,1,2,7,2,4,4,3,3,2,1,2
cbmn0191,10,1,1,0,0,0,1,0,0,0,0,0,1,1,0,0,0,0,0,0,0,3,8,2,1,5,6,4,1,2,1,1,1,1,1,5,1,2
cxpn0192,11,1,1,0,0,0,1,0,0,0,0,0,0,1,0,0,0,0,0,0,0,3,9,2,1,3,1,1,1,1,1,1,2,2,1,1,1,#NULL!
cttn0193,13,1,1,0,0,0,1,0,0,0,0,0,0,1,0,0,0,0,0,0,0,4,11,2,2,1,2,2,1,1,1,2,2,1,2,2,1,#NULL!
cpxn0194,13,1,1,0,0,0,1,0,0,0,0,0,0,1,0,0,0,0,0,0,1,4,13,2,2,1,1,1,2,1,1,1,4,1,1,1,1,#NULL!
cdjo0197,14,1,1,0,0,0,1,0,0,0,0,0,0,1,0,0,0,0,0,1,0,4,11,4,6,7,2,3,7,7,2,1,2,2,2,2,1,#NULL!
cvqo0199,16,1,1,0,0,0,1,0,0,0,0,0,1,1,0,0,0,0,0,0,1,5,11,1,1,5,5,4,1,1,4,1,5,4,2,5,1,#NULL!
cyda0201,11,1,1,0,0,0,1,0,0,0,0,0,0,1,0,0,0,0,0,0,0,3,10,2,1,2,1,1,1,1,1,1,2,1,1,1,1,#NULL!
cexa0206,14,1,1,0,0,0,0,0,0,0,0,0,0,1,0,0,0,0,0,0,0,4,12,2,2,5,5,2,2,5,2,6,5,2,2,1,1,1
cabb0207,14,1,1,0,0,1,1,0,1,0,0,0,0,1,0,0,0,0,0,1,0,4,14,2,1,4,4,1,1,4,1,1,4,1,1,1,1,#NULL!
ckqb0211,10,0,1,0,0,0,0,0,0,0,0,0,0,1,0,0,0,0,0,0,0,3,8,3,2,4,2,1,1,4,1,1,2,1,1,2,4,#NULL!
ccyb0213,10,1,1,0,0,0,1,0,0,0,0,0,1,1,0,0,0,0,0,0,0,3,9,3,2,2,1,1,1,2,1,1,2,1,1,2,1,#NULL!
cybc0214,12,1,0,0,0,1,1,0,0,0,0,0,0,1,0,0,0,0,0,0,0,3,11,2,2,4,3,1,1,1,1,1,4,1,1,3,1,#NULL!
cufc0215,14,1,1,0,0,0,1,0,0,0,0,0,0,1,0,0,0,0,0,0,1,4,11,3,1,4,1,3,1,4,1,1,3,1,1,4,1,#NULL!
cmnc0217,16,1,1,0,0,0,1,0,0,0,0,0,0,1,0,0,0,0,0,0,0,4,13,3,7,7,2,2,2,6,1,6,6,2,2,2,1,2
cazc0220,10,1,1,0,0,0,1,0,0,0,0,0,0,1,0,0,0,0,0,0,0,3,9,3,2,6,2,1,#NULL!,#NULL!,#NULL!,#NULL!,#NULL!,#NULL!,#NULL!,#NULL!,#NULL!,#NULL!
cwcd0221,9,1,1,0,0,0,1,0,0,0,0,0,1,1,0,0,0,0,0,0,1,3,9,2,1,2,1,1,1,2,1,1,4,1,1,1,1,#NULL!
csgd0222,11,1,1,0,0,0,1,0,0,0,0,0,0,1,0,0,0,0,0,1,0,4,10,2,2,2,1,2,3,1,1,1,5,1,1,5,1,#NULL!
cgsd0225,11,1,1,0,0,0,1,0,0,0,0,0,0,1,0,0,0,0,0,0,0,4,11,2,2,2,1,1,1,2,1,2,2,1,1,1,1,#NULL!
ccwd0226,14,1,0,0,0,0,1,0,0,1,0,0,0,1,0,0,0,0,0,0,0,4,11,3,4,2,4,1,2,6,1,1,5,1,1,1,1,#NULL!
cyzd0227,14,1,1,0,0,1,1,0,0,0,0,0,0,1,0,0,0,0,0,0,0,4,14,3,3,1,1,1,1,1,1,1,5,1,1,1,1,#NULL!
cude0228,16,0,0,0,0,1,1,0,0,0,0,0,0,1,0,0,0,0,0,0,0,4,11,3,6,6,4,4,2,7,2,3,5,4,6,4,3,2
cqhe0229,16,1,0,0,1,0,1,0,0,0,0,0,0,1,0,0,0,0,0,0,1,4,15,1,1,1,2,1,1,2,1,1,2,1,1,2,1,#NULL!
cipe0231,9,1,1,0,0,1,0,0,0,1,0,0,0,1,0,0,0,0,0,0,0,3,8,1,1,2,1,2,1,1,1,1,5,4,2,4,1,#NULL!
cete0232,11,1,0,0,0,0,1,0,0,0,0,0,0,1,0,0,0,0,0,0,0,3,9,3,1,4,3,2,1,1,1,1,4,2,1,3,1,#NULL!
cwaf0234,11,1,1,0,0,1,1,0,1,0,0,0,0,1,0,0,0,0,0,0,0,4,10,4,5,7,2,1,1,1,1,2,5,1,1,1,1,#NULL!
csef0235,13,1,1,0,0,0,1,0,0,0,0,0,1,1,0,0,0,0,0,0,1,4,13,1,4,1,1,1,1,2,1,2,2,1,1,2,1,#NULL!
ccuf0239,17,1,1,0,0,0,1,0,0,0,0,0,0,1,0,0,0,0,0,0,0,5,13,2,1,1,1,4,1,2,1,1,3,4,1,1,1,#NULL!
cubg0241,9,1,1,0,0,0,1,0,0,0,0,0,0,1,0,0,0,0,0,0,0,3,6,3,2,2,2,4,2,4,1,2,1,1,2,2,1,#NULL!
cqfg0242,10,1,1,0,0,0,1,0,0,0,0,0,0,1,0,0,0,0,0,0,1,3,8,1,1,2,1,99,99,99,99,5,5,99,99,99,99,99
cerg0245,13,1,1,0,0,1,0,0,0,0,0,0,0,1,0,0,0,0,0,0,0,4,11,3,1,4,4,1,1,4,1,1,5,1,1,1,1,#NULL!
csch0248,16,1,1,0,0,0,0,0,0,0,0,0,0,1,0,0,0,0,0,0,0,5,14,4,2,5,5,2,5,5,1,5,5,2,2,4,4,2
cgoh0251,10,1,1,0,0,1,1,0,0,0,0,0,0,1,0,0,0,0,0,1,0,3,8,3,1,4,2,99,99,99,99,2,2,1,1,2,1,#NULL!
ccsh0252,11,1,1,0,0,0,1,0,0,0,0,0,0,1,0,0,0,0,0,0,0,3,10,3,1,4,2,3,2,4,2,1,4,3,4,1,1,#NULL!
cuzh0254,13,0,1,0,0,1,0,0,0,0,0,0,0,1,0,0,0,0,0,0,0,4,12,3,2,2,2,1,1,2,3,1,2,1,7,1,1,#NULL!
cqdi0255,14,1,1,0,0,0,1,0,0,0,0,0,1,1,0,0,0,0,0,0,0,4,13,2,1,4,1,1,2,3,1,1,4,1,1,2,1,#NULL!
cepi0258,15,1,0,0,0,0,0,0,0,0,0,0,0,1,0,0,0,0,0,0,0,4,10,2,4,2,1,1,1,1,4,4,2,4,4,1,1,1
cati0259,17,1,1,0,0,0,0,0,0,0,0,0,0,1,0,0,0,0,0,0,0,5,13,2,7,6,2,2,2,2,2,2,5,2,2,2,1,#NULL!
csaj0261,10,1,1,0,0,0,1,0,0,0,0,0,0,1,0,0,0,0,0,0,0,3,9,3,4,5,4,3,1,2,2,1,5,3,2,2,1,#NULL!
coej0262,11,1,0,0,0,0,1,0,0,0,0,0,0,1,0,0,0,0,0,0,0,3,10,1,1,1,1,3,1,1,3,1,3,3,1,1,1,#NULL!
cgmj0264,12,1,0,0,0,1,1,0,0,0,0,0,0,1,0,0,0,0,0,0,0,3,10,4,5,4,4,4,3,2,5,2,6,2,3,2,4,#NULL!
ccqj0265,12,0,0,0,0,1,1,0,1,0,0,0,0,1,0,0,0,0,0,0,0,3,10,1,1,6,1,1,1,1,1,1,1,1,1,5,5,#NULL!
cqbk0268,17,1,1,0,0,0,1,0,0,0,0,0,0,1,0,0,0,0,0,0,0,3,15,4,2,2,1,1,1,2,4,1,2,2,1,1,1,#NULL!
cmfk0269,16,99,99,99,99,99,99,99,99,99,99,99,99,1,0,0,0,0,0,0,0,5,13,2,2,2,1,4,1,1,4,2,2,1,1,1,1,#NULL!
cenk0271,12,0,0,0,0,0,0,0,0,0,0,0,1,1,0,0,0,0,0,0,0,4,10,2,3,3,3,3,1,1,3,5,5,1,3,3,1,1
cocl0275,11,1,1,0,0,0,1,0,0,0,0,0,0,1,0,0,0,0,0,0,0,3,10,3,1,2,1,2,1,2,5,1,1,2,1,1,1,#NULL!
ckgl0276,14,1,1,0,0,0,1,0,0,0,0,0,0,1,0,0,0,0,0,0,0,4,13,3,5,4,4,5,1,4,5,5,2,2,5,1,1,1
ccol0278,17,1,1,0,0,1,1,0,0,0,0,0,0,1,0,0,0,0,0,0,0,5,9,2,1,1,1,2,1,1,2,1,1,2,1,1,1,#NULL!
cqzl0281,11,1,1,0,0,0,1,0,0,0,0,0,0,1,0,0,0,0,0,0,0,3,9,2,1,4,1,4,1,4,4,1,4,4,1,1,1,#NULL!
cmdm0282,11,1,1,0,0,1,0,0,0,0,0,0,0,1,0,0,0,0,0,0,0,3,11,3,3,3,3,2,2,1,1,4,4,3,3,1,4,1
capm0285,14,1,1,0,0,1,1,0,0,1,0,0,0,1,0,0,0,0,0,0,1,4,13,2,1,2,1,4,4,4,2,1,4,2,1,2,1,#NULL!
cken0289,15,1,1,0,0,1,0,0,0,0,0,0,0,1,0,0,0,0,0,1,0,4,11,3,2,5,2,2,1,7,1,7,7,7,2,1,2,2
ccmn0291,11,1,1,0,0,0,0,0,0,0,0,0,0,1,0,0,0,0,0,0,0,4,99,1,1,1,1,1,1,1,1,1,1,1,1,1,1,#NULL!
cypn0292,12,0,1,0,0,0,1,0,0,0,0,0,0,1,0,0,0,0,0,0,0,4,10,2,1,1,1,2,1,2,1,1,2,1,1,1,1,#NULL!
cqxn0294,14,1,1,0,0,0,0,0,0,0,0,0,1,1,0,0,0,0,0,0,0,4,11,3,1,2,2,1,2,2,1,2,2,1,1,1,1,#NULL!
cejo0297,16,1,1,0,0,0,1,0,0,0,0,0,0,1,0,0,0,0,0,0,0,5,11,2,2,2,2,2,2,2,1,1,2,1,1,1,1,#NULL!
cwqo0299,16,1,0,0,0,1,1,0,0,0,0,0,0,1,0,0,0,0,0,0,0,5,11,4,5,5,2,2,5,5,1,5,5,1,1,1,2,2
cdaa0300,14,1,1,0,0,0,1,0,0,0,0,0,1,1,0,0,0,0,0,0,0,4,10,2,1,2,2,2,1,2,2,3,2,2,1,1,1,2
czda0301,10,1,1,0,0,0,1,0,0,0,0,0,0,1,0,0,0,0,0,0,0,3,10,2,1,1,1,4,1,1,4,1,1,4,1,4,1,#NULL!
cnpa0304,13,1,1,0,0,1,0,0,0,0,0,0,0,1,0,1,0,0,0,0,0,4,11,3,6,5,2,3,2,6,4,2,6,4,4,4,3,#NULL!
cjta0305,12,1,1,0,0,0,1,0,0,0,0,0,0,1,0,0,0,0,0,0,0,4,12,1,1,4,2,2,1,2,2,1,1,1,1,2,1,#NULL!
ctib0309,14,1,1,0,0,0,1,0,0,0,0,0,0,1,0,0,0,0,0,0,0,5,12,3,4,5,5,4,4,5,3,1,5,4,2,3,1,#NULL!
clqb0311,9,1,1,0,0,0,1,0,0,0,0,0,0,1,0,0,0,0,0,1,0,3,7,1,1,1,1,1,1,1,1,4,4,1,1,4,4,1
chub0312,9,1,1,0,0,1,0,0,0,0,0,0,0,1,0,0,0,0,0,0,0,3,1,1,1,4,4,1,1,4,4,1,1,4,1,4,4,#NULL!
cvfc0315,13,1,0,0,0,1,1,0,0,0,0,0,0,1,0,0,0,0,0,0,0,4,13,3,3,2,2,1,2,1,5,1,1,1,1,1,99,#NULL!
crjc0316,12,1,1,0,0,0,0,0,0,0,0,0,0,1,0,0,0,0,0,0,0,4,10,3,1,5,2,1,1,1,1,5,4,1,1,1,1,2
cjrc0318,15,1,1,0,0,0,1,0,0,0,0,0,0,1,0,0,0,0,0,1,0,4,13,4,2,5,4,2,1,5,2,1,5,2,1,3,1,2
cfvc0319,15,1,1,0,0,0,1,0,0,0,0,0,0,1,0,0,0,0,0,0,0,4,12,3,2,2,2,1,2,2,1,2,1,1,2,2,2,#NULL!
cxcd0321,12,1,1,0,0,0,1,0,0,0,0,0,0,1,0,0,0,0,0,0,0,4,11,2,4,2,2,2,4,2,2,4,4,2,2,4,2,1
ctgd0322,11,0,0,0,0,1,0,0,0,0,0,0,0,1,0,0,0,0,0,0,0,4,11,2,2,2,2,1,1,2,2,2,2,4,1,1,1,#NULL!
clod0324,15,1,1,0,0,0,1,0,0,1,0,0,0,1,0,0,0,0,0,1,0,4,14,2,2,3,2,4,2,3,2,4,4,4,2,2,4,1
cdwd0326,14,1,0,0,0,0,1,0,0,0,0,0,0,1,0,0,0,0,0,0,0,4,13,2,1,1,1,2,1,1,2,1,1,2,1,1,1,#NULL!
crhe0329,16,0,1,0,0,0,1,0,0,0,0,0,0,1,0,0,0,0,0,0,0,4,99,1,1,1,1,1,1,2,1,4,1,1,1,1,1,2
cnle0330,15,1,0,0,1,1,1,0,0,0,0,0,0,1,0,0,0,0,0,0,0,4,13,2,1,4,3,2,1,3,1,1,5,1,1,1,1,#NULL!
cjpe0331,10,0,0,0,0,1,1,0,0,0,0,0,1,1,0,0,0,0,0,0,0,3,9,2,1,1,1,4,1,1,1,1,1,4,1,1,1,#NULL!
cxaf0334,11,0,0,0,0,0,1,0,0,0,0,0,0,1,0,0,0,0,0,0,0,3,9,3,4,2,1,1,1,2,1,1,2,4,1,1,2,#NULL!
ctef0335,15,1,1,0,0,0,0,0,0,0,0,0,0,1,0,0,0,0,0,0,0,4,11,3,2,2,1,1,1,1,1,1,2,1,2,2,1,#NULL!
chqf0338,17,1,1,0,0,0,1,0,0,0,0,0,0,1,0,0,0,0,0,0,0,5,13,2,2,5,4,1,1,5,1,1,1,2,1,1,1,#NULL!
cduf0339,16,1,1,0,0,0,1,0,0,0,0,0,0,1,0,0,0,0,0,0,0,4,12,2,1,5,1,1,1,4,4,1,5,2,1,1,1,#NULL!
cvbg0341,13,0,0,0,0,0,1,0,0,0,0,0,0,1,0,0,0,0,0,0,0,4,12,2,2,2,99,1,1,1,2,2,2,1,1,1,1,#NULL!
cfrg0345,12,1,0,0,0,1,0,0,0,0,0,0,0,1,0,0,0,0,0,0,0,4,10,2,2,2,1,2,1,1,2,1,2,2,1,1,1,#NULL!
ctch0348,15,1,0,0,0,0,1,0,0,0,0,0,1,1,0,0,0,0,0,0,0,4,13,2,1,1,1,3,1,1,1,1,2,3,1,1,2,#NULL!
cpgh0349,17,1,1,0,0,0,1,0,0,0,0,0,0,1,0,0,0,0,0,1,0,5,13,2,2,7,5,2,2,7,4,2,7,4,3,1,1,#NULL!
cvzh0354,14,1,1,0,0,0,1,0,0,0,0,0,0,1,0,0,0,0,0,1,0,4,11,2,2,5,2,1,2,2,2,1,5,5,5,5,1,#NULL!
crdi0355,15,1,0,0,0,0,0,0,0,0,0,0,0,99,99,99,99,99,99,99,99,3,11,2,1,1,1,2,1,1,2,1,1,1,1,1,1,#NULL!
cbti0359,16,1,0,0,0,1,1,0,0,0,0,0,0,1,0,0,0,0,0,0,1,5,12,3,2,5,5,5,2,5,2,5,2,2,2,2,2,2
ctaj0361,11,0,0,0,0,1,1,0,0,0,0,0,0,1,0,0,0,0,0,0,0,5,7,2,1,5,2,2,1,1,5,2,5,1,1,5,1,#NULL!
clij0363,13,0,1,0,0,1,1,0,0,0,0,0,0,1,0,0,0,0,0,0,0,4,11,2,2,1,2,2,1,2,2,2,2,2,2,2,2,#NULL!
cztj0366,16,1,0,0,0,0,0,0,0,0,0,0,0,1,0,0,0,0,0,1,0,4,11,3,1,6,5,1,1,5,5,1,6,5,5,6,1,#NULL!
cbrk0372,11,1,1,0,0,1,1,0,0,1,0,0,0,1,0,0,0,0,0,1,0,3,8,99,2,2,1,1,1,1,1,2,1,1,1,2,99,#NULL!
cxuk0373,15,1,1,0,0,0,1,0,0,0,0,0,0,0,0,0,0,0,0,0,1,4,10,3,5,5,2,3,2,5,2,1,5,3,3,4,1,#NULL!
cpcl0375,12,0,1,0,0,0,1,0,0,0,0,0,0,1,0,0,0,0,0,0,0,4,99,2,4,4,4,4,1,3,7,1,1,4,4,4,4,#NULL!
chkl0377,16,1,1,0,0,0,1,1,0,0,0,0,0,1,0,0,0,0,1,1,0,5,10,4,2,7,1,7,2,7,2,7,7,2,2,2,1,2
crzl0381,15,1,1,0,0,0,1,0,0,0,0,0,0,1,0,0,0,0,0,1,1,4,8,4,6,6,6,2,2,2,2,1,5,3,3,5,2,#NULL!
cjhm0383,11,1,0,0,0,1,1,0,0,0,0,0,0,1,0,0,0,0,0,1,1,3,9,2,2,2,2,2,2,6,6,3,2,2,2,1,2,2
cflm0384,15,1,1,0,0,1,1,0,0,0,0,0,0,1,0,0,0,0,0,1,0,4,12,3,5,7,4,2,1,4,2,6,5,3,2,5,3,2
ctwm0387,15,1,1,0,0,1,0,0,0,0,0,0,0,1,0,0,0,0,0,0,0,4,9,3,2,7,6,4,2,2,1,1,5,6,7,7,2,#NULL!
chin0390,10,1,1,0,0,1,1,0,0,0,0,0,0,1,0,0,0,0,0,0,0,3,8,4,1,6,1,1,1,1,6,1,1,6,1,2,1,#NULL!
cvtn0393,16,1,1,0,0,0,1,0,0,0,0,0,0,1,0,0,0,0,0,1,1,4,9,2,2,6,6,6,2,6,2,6,6,5,4,3,1,2
caea0401,11,1,1,0,0,1,1,0,0,0,0,0,0,1,0,0,0,0,0,0,0,3,7,1,1,4,1,4,99,99,4,1,99,99,99,99,99,#NULL!
copa0404,9,1,1,0,0,1,0,0,0,0,0,0,0,1,0,0,0,0,0,1,0,3,9,3,1,5,1,1,1,5,1,5,5,1,1,1,1,1
cuib0409,14,1,0,0,0,0,1,0,0,0,0,0,0,1,0,0,0,0,0,1,0,4,11,3,3,4,4,2,1,4,3,4,2,4,1,4,1,2
cqmb0410,9,1,0,0,0,0,0,0,0,0,0,0,0,1,0,0,0,0,0,0,0,3,8,3,3,3,3,2,2,3,2,3,3,2,2,2,2,2
cmqb0411,9,1,1,0,0,0,1,0,0,0,0,0,0,1,0,0,0,0,0,0,0,3,8,2,1,6,1,1,1,6,1,2,7,1,1,7,1,#NULL!
ciub0412,10,1,1,0,0,0,1,0,0,0,0,0,0,1,0,0,0,0,0,0,0,3,8,3,2,4,5,5,4,2,1,1,1,1,1,1,1,#NULL!
ceyb0413,13,0,0,0,0,0,0,0,0,1,0,0,0,1,0,0,0,0,0,0,0,7,10,3,2,2,5,2,1,2,4,2,1,2,2,1,1,#NULL!
csjc0416,10,1,1,0,0,0,0,0,0,0,0,0,0,1,0,0,0,0,0,0,0,3,6,4,2,2,5,5,1,5,4,5,5,2,2,1,1,2
conc0417,12,1,1,0,0,0,1,0,0,0,0,0,0,1,0,0,0,0,0,0,0,4,10,4,1,4,1,1,1,4,7,7,7,7,1,99,99,1
ckrc0418,12,1,0,0,0,1,1,0,0,0,0,0,0,1,0,0,0,0,0,0,0,3,7,2,6,6,7,5,2,2,1,5,6,1,1,2,2,2
cycd0421,15,1,1,0,0,0,1,0,0,0,0,0,0,1,0,0,0,0,0,0,0,4,13,3,5,4,5,2,1,4,1,5,5,4,2,4,2,1
cugd0422,17,1,1,0,0,0,1,0,0,0,0,0,0,1,0,0,0,0,0,0,0,5,10,4,2,5,2,2,2,2,2,2,5,2,2,2,1,#NULL!
cmod0424,10,0,0,0,0,1,0,0,0,0,0,0,0,1,0,0,0,0,0,0,0,3,9,2,1,1,2,1,1,1,7,2,1,5,2,1,1,#NULL!
cisd0425,12,1,0,1,1,0,0,0,0,0,0,1,0,1,0,0,0,0,0,0,0,4,6,4,7,7,7,7,7,7,7,7,7,4,4,7,1,2
cewd0426,11,1,0,0,0,0,1,0,0,0,0,0,0,1,0,0,0,0,0,1,0,3,8,3,2,5,2,2,1,5,6,1,4,5,1,1,1,#NULL!
cole0430,16,1,1,0,0,0,1,0,0,0,0,0,0,1,0,0,0,0,0,0,0,5,13,1,2,5,2,2,1,2,1,1,5,1,1,1,1,#NULL!
cqif0436,10,1,1,0,0,1,1,0,0,0,0,0,0,1,0,0,0,0,0,0,0,3,9,2,2,1,1,1,1,1,1,1,1,1,1,2,1,#NULL!
ciqf0438,14,0,0,0,0,1,0,0,0,0,0,0,0,1,0,0,0,0,0,0,0,4,11,4,5,5,1,6,1,7,1,1,5,1,1,1,5,#NULL!
cayf0440,10,1,0,0,0,0,0,0,0,0,0,0,0,1,0,0,0,0,0,0,0,3,9,4,1,1,2,6,1,1,6,1,1,5,1,1,1,#NULL!
csfg0442,12,1,1,0,0,0,1,0,0,0,0,0,0,1,0,0,0,0,0,1,1,3,9,2,2,2,2,1,1,2,3,2,2,1,1,2,2,#NULL!
ccvg0446,14,1,1,0,0,0,1,0,0,0,0,0,0,1,0,0,0,0,0,0,0,4,14,2,2,2,2,2,2,6,1,6,2,1,1,1,1,1
cyyg0447,13,1,1,0,0,0,1,0,0,0,0,0,0,1,0,0,0,0,0,1,1,3,#NULL!,#NULL!,#NULL!,#NULL!,#NULL!,#NULL!,#NULL!,#NULL!,#NULL!,#NULL!,#NULL!,#NULL!,#NULL!,#NULL!,#NULL!,#NULL!
cqgh0449,14,1,1,0,0,0,1,0,0,0,0,0,1,1,0,0,0,0,0,1,1,4,12,4,5,6,7,6,7,7,2,3,7,3,2,4,2,1
cioh0451,10,1,1,0,0,0,1,0,0,0,0,0,0,1,0,0,0,0,0,0,0,3,10,2,1,2,1,1,1,2,1,1,2,1,1,1,2,#NULL!
cesh0452,10,0,0,0,0,0,0,0,0,1,0,0,0,1,0,0,0,0,0,1,0,3,9,4,5,5,6,7,8,7,2,5,5,7,2,6,2,1
csdi0455,14,1,0,0,1,0,1,0,0,0,0,0,0,1,0,0,0,0,0,0,1,4,12,4,5,7,6,6,5,7,1,5,7,2,2,2,2,2
cqej0462,13,1,0,0,0,0,1,0,0,0,0,0,1,1,0,0,0,0,0,1,0,4,12,3,2,6,1,2,2,1,3,1,7,2,1,1,1,#NULL!
cimj0464,14,1,1,0,0,0,1,0,0,0,0,0,0,1,0,0,0,0,0,1,0,4,12,2,4,1,1,2,1,1,2,1,1,1,1,1,1,#NULL!
ceqj0465,14,1,0,0,0,1,1,0,0,0,0,0,0,1,0,0,0,0,0,1,0,4,12,2,3,4,1,1,1,3,3,4,4,1,3,1,1,2
cwxj0467,15,1,1,0,0,1,1,0,0,0,0,0,0,1,0,0,0,0,0,1,0,5,11,4,2,6,2,1,1,1,1,5,6,4,4,5,1,1
csbk0468,16,1,1,0,0,0,1,0,0,0,0,0,0,1,0,0,0,0,0,1,1,5,10,4,6,7,7,4,3,4,7,7,6,6,6,7,6,2
cgnk0471,11,99,99,99,99,99,99,99,99,99,99,99,99,99,99,99,99,99,99,99,99,99,11,4,1,5,2,2,1,2,2,1,1,1,1,1,1,#NULL!
cuyk0474,10,0,1,0,0,1,0,0,0,0,0,0,0,1,0,0,0,0,0,0,0,3,7,2,1,4,1,5,1,2,1,4,1,5,1,1,4,1
casl0479,15,1,1,0,0,0,1,0,0,0,0,0,0,1,0,0,0,0,0,0,0,4,9,3,5,5,1,7,7,2,5,1,7,7,2,7,2,#NULL!
cwvl0480,16,0,1,0,0,1,1,0,0,0,0,0,0,1,0,0,0,0,0,0,0,5,12,3,1,2,2,4,4,2,4,2,3,2,4,7,2,#NULL!
cszl0481,10,1,1,0,0,0,1,0,0,0,0,0,0,1,0,0,0,0,0,1,1,3,1,#NULL!,#NULL!,#NULL!,#NULL!,#NULL!,#NULL!,#NULL!,#NULL!,#NULL!,#NULL!,#NULL!,#NULL!,#NULL!,#NULL!,#NULL!
cglm0484,14,1,1,0,0,0,0,0,0,0,0,0,0,1,0,0,0,0,0,1,1,4,13,2,4,6,1,1,1,4,1,6,5,1,1,1,2,2
cysm0486,14,1,0,0,0,0,1,0,0,0,0,0,0,1,0,0,0,0,0,1,1,4,14,3,1,4,2,1,1,2,2,2,2,1,1,1,1,#NULL!
cqan0488,15,0,1,0,0,0,1,0,0,0,0,0,0,#NULL!,#NULL!,#NULL!,#NULL!,#NULL!,#NULL!,#NULL!,#NULL!,#NULL!,#NULL!,#NULL!,#NULL!,#NULL!,#NULL!,#NULL!,#NULL!,#NULL!,#NULL!,#NULL!,#NULL!,#NULL!,#NULL!,#NULL!,#NULL!,#NULL!
ckfo0496,14,1,1,0,0,0,0,0,0,0,0,0,0,1,0,0,0,0,0,0,0,4,12,2,2,5,1,2,1,1,2,2,2,1,1,1,1,#NULL!
cgjo0497,15,1,1,0,0,0,0,0,0,0,0,0,0,1,0,0,0,0,0,0,0,5,12,3,5,5,2,2,2,5,2,1,5,2,2,2,1,#NULL!
ccno0498,17,1,1,0,0,0,0,0,0,0,0,0,0,1,0,0,0,0,0,0,0,4,16,2,2,4,1,2,5,1,2,1,1,2,2,1,1,#NULL!
cyqo0499,17,1,1,0,0,0,1,0,0,0,0,0,0,1,0,0,0,0,0,0,0,4,13,2,2,6,6,2,2,6,4,6,6,4,3,2,1,1
cppa0504,13,1,1,0,0,0,1,0,0,0,0,0,0,1,0,0,0,0,0,0,0,5,12,2,2,2,1,2,2,2,1,1,2,1,1,1,1,#NULL!
clta0505,12,1,1,0,0,0,1,0,0,0,0,0,0,0,0,0,0,0,0,0,1,4,12,2,1,5,4,3,1,2,1,1,5,1,1,1,1,#NULL!
cvib0509,17,1,1,0,0,0,1,0,0,0,0,0,0,1,0,0,0,0,0,0,0,5,13,1,4,5,1,1,3,2,1,2,5,2,2,5,1,#NULL!
crmb0510,16,1,0,0,0,0,1,0,0,0,0,0,0,1,0,0,0,0,0,0,0,5,12,3,2,5,2,2,5,6,5,1,5,2,2,2,1,#NULL!
cjub0512,9,1,1,0,0,0,1,0,0,0,0,0,0,1,0,0,0,0,0,0,0,3,9,2,1,2,2,2,1,1,2,1,1,2,1,1,1,#NULL!
cfyb0513,12,1,1,0,0,0,1,0,0,0,0,0,0,1,0,0,0,0,0,1,1,3,11,2,2,2,2,2,2,2,2,2,2,2,2,2,2,#NULL!
cxfc0515,9,0,0,0,0,1,1,0,0,0,0,0,0,1,0,0,0,0,0,0,0,3,8,4,2,7,1,1,1,1,1,1,1,5,5,2,1,#NULL!
ctjc0516,15,1,0,0,0,0,1,0,0,0,0,0,0,1,0,0,0,1,0,1,1,4,10,4,2,5,2,2,2,5,7,2,2,2,2,2,1,#NULL!
cpnc0517,16,1,1,0,0,0,0,0,0,0,0,0,0,1,0,0,0,0,0,1,1,5,12,4,1,7,6,6,7,2,2,1,2,2,2,2,2,#NULL!
cdzc0520,16,1,1,0,0,0,0,0,0,0,0,0,0,1,0,0,0,0,0,0,1,4,11,3,5,5,4,4,4,4,2,1,5,4,4,4,2,#NULL!
czcd0521,10,1,1,0,0,0,1,0,0,0,0,0,0,1,0,0,0,0,0,0,0,3,11,2,2,2,2,2,1,1,2,2,2,2,1,2,2,#NULL!
cnod0524,12,1,0,0,0,0,0,0,0,0,0,0,0,0,0,0,0,0,0,1,0,3,10,3,4,4,4,7,2,1,2,1,7,7,1,6,2,#NULL!
cjsd0525,13,0,1,0,0,0,0,0,0,0,0,0,0,1,0,0,0,0,0,0,0,4,10,2,2,3,2,1,1,2,2,1,1,2,5,2,1,#NULL!
cxde0528,16,1,1,0,0,0,0,0,0,1,0,0,0,1,0,0,0,0,0,1,1,4,1,4,5,5,5,2,6,5,1,5,5,2,1,1,1,2
clpe0531,9,1,1,0,0,0,1,0,0,0,0,0,0,1,0,0,0,0,0,0,0,3,9,2,2,4,1,4,1,4,2,2,2,3,2,2,1,#NULL!
chte0532,9,1,1,0,0,0,0,0,0,0,0,0,0,1,0,0,0,0,0,0,0,3,11,2,2,2,1,1,1,1,2,1,2,2,1,1,1,#NULL!
czaf0534,11,1,1,0,0,0,0,0,0,0,0,0,0,1,0,0,0,0,0,0,0,3,10,2,2,2,2,2,2,2,2,1,2,2,1,3,1,#NULL!
cjqf0538,14,1,1,0,0,0,0,0,0,0,0,0,0,1,0,0,0,0,0,1,0,4,11,2,2,2,3,6,6,2,6,2,3,2,1,2,1,#NULL!
cfuf0539,16,1,1,0,0,0,1,0,0,0,0,0,0,1,0,0,0,0,0,1,0,4,10,4,2,5,2,5,2,5,5,4,2,2,1,2,1,2
cxbg0541,12,1,1,0,0,0,1,0,0,0,0,0,0,1,0,0,0,0,0,0,0,3,1,2,4,99,4,99,99,99,99,99,99,99,99,99,99,#NULL!
ctfg0542,9,0,1,0,0,0,0,0,0,0,0,0,0,1,0,0,0,0,0,0,0,3,9,1,1,2,1,1,1,1,1,1,2,1,1,1,1,#NULL!
chrg0545,9,1,1,0,0,0,0,0,0,0,0,0,0,1,0,0,0,0,0,0,0,3,11,2,2,2,2,2,2,1,99,99,99,99,99,99,99,#NULL!
cdvg0546,9,1,1,0,0,0,0,0,0,0,0,0,0,1,0,0,0,0,0,0,0,3,8,2,1,2,2,2,1,1,2,1,2,1,1,1,1,#NULL!
cvch0548,15,1,1,0,0,0,1,0,0,0,0,0,0,1,0,0,0,0,0,0,0,3,7,2,1,2,1,1,1,1,1,2,2,1,1,1,1,#NULL!
crgh0549,16,1,1,0,0,1,0,0,0,0,0,0,0,1,0,0,0,0,0,1,0,5,14,2,2,5,5,2,5,5,1,1,5,2,2,2,1,#NULL!
cjoh0551,12,1,1,0,0,1,1,0,0,1,0,0,0,1,0,0,0,0,0,1,1,3,10,3,2,1,1,2,1,2,2,1,1,1,1,1,1,#NULL!
cbwh0553,14,1,1,0,0,0,1,0,0,0,0,0,0,1,0,0,0,0,0,1,1,4,13,2,2,2,2,2,2,2,1,2,2,1,1,2,1,#NULL!
cphi0556,15,1,0,0,0,1,1,0,0,0,0,0,0,1,0,0,0,0,0,0,0,4,14,2,2,2,1,99,99,99,1,2,2,1,1,2,1,#NULL!
clli0557,16,1,1,0,0,0,1,0,0,0,0,0,0,1,0,0,0,0,0,0,0,4,14,2,2,2,1,1,1,2,1,1,2,1,1,1,1,#NULL!
chpi0558,17,1,1,0,0,0,1,0,0,0,0,0,0,1,0,0,0,0,0,1,0,4,14,2,2,2,2,2,1,1,2,2,2,2,1,1,1,#NULL!
czwi0560,15,1,1,0,0,1,1,0,0,0,0,0,0,1,0,0,0,0,0,0,0,4,14,2,2,5,2,2,2,2,5,5,5,5,5,5,5,1
cvaj0561,11,1,0,0,0,1,1,0,0,0,0,0,0,1,0,0,0,0,0,1,0,3,10,2,2,2,2,2,1,2,2,2,2,1,1,1,1,#NULL!
crej0562,12,0,0,0,0,1,0,0,0,0,0,0,0,1,0,0,0,0,0,0,0,4,10,3,1,5,1,1,1,1,1,1,1,1,1,5,1,#NULL!
cnij0563,13,1,1,0,0,0,1,0,0,0,0,0,0,1,0,0,0,0,0,0,0,4,11,2,2,2,2,1,1,1,1,1,2,1,1,1,2,#NULL!
cjmj0564,12,1,1,0,0,0,0,0,0,0,0,0,0,1,0,0,0,0,0,0,0,4,11,2,1,2,4,1,1,1,2,5,5,1,1,1,1,2
cfqj0565,12,1,1,0,0,0,1,0,0,0,0,0,0,1,0,0,0,0,0,0,0,4,11,3,1,5,1,1,1,1,1,1,5,1,1,1,1,#NULL!
cxxj0567,15,1,1,0,0,0,1,0,0,0,0,0,0,1,0,0,0,0,0,0,0,4,12,2,1,2,1,1,1,1,1,1,2,1,1,1,1,#NULL!
chnk0571,10,1,1,0,0,0,1,0,0,0,0,0,0,1,0,0,0,0,0,1,0,3,9,2,1,5,1,2,1,2,1,5,5,2,1,1,1,1
cvyk0574,13,1,0,0,0,0,1,0,0,0,0,0,0,1,0,0,0,0,0,1,0,3,7,4,1,7,3,7,1,1,7,1,1,1,1,1,1,#NULL!
cjkl0577,16,1,1,0,0,0,1,0,0,0,0,0,0,1,0,0,0,0,0,0,0,5,14,3,2,2,2,2,1,5,2,2,2,4,2,1,1,#NULL!
cfol0578,16,0,0,0,0,1,1,0,0,0,0,0,0,1,0,0,0,0,0,0,0,4,13,3,2,2,2,1,1,1,1,1,2,1,1,1,1,#NULL!
ctzl0581,10,1,1,0,0,1,0,0,0,0,0,0,0,1,0,0,0,0,0,0,0,3,11,1,2,5,2,2,1,5,1,6,2,1,1,1,1,1
cpdm0582,10,0,1,0,0,0,1,0,0,0,0,0,0,1,0,0,0,0,0,1,0,3,7,2,1,1,1,2,1,1,2,2,2,1,1,1,1,#NULL!
clhm0583,11,99,99,99,99,99,99,99,99,99,99,99,99,99,99,99,99,99,99,99,99,3,10,2,1,1,1,2,1,1,2,1,1,1,1,1,2,#NULL!
cdpm0585,14,1,0,0,0,0,1,0,0,0,0,0,0,1,0,0,0,0,0,0,0,4,10,2,5,5,4,1,3,5,1,1,5,1,1,1,1,#NULL!
cran0588,17,1,1,0,0,0,1,0,0,0,0,0,0,1,0,0,0,0,0,0,0,4,15,1,2,1,3,1,2,1,4,1,99,2,1,5,1,#NULL!
cfmn0591,9,1,1,0,0,0,1,0,0,0,0,0,0,1,0,0,0,0,0,0,0,3,9,1,1,1,1,1,1,1,1,1,1,1,1,1,1,#NULL!
ctxn0594,12,1,0,0,0,0,1,0,0,0,0,0,0,1,0,0,0,0,0,0,0,4,10,2,4,5,1,1,1,5,1,5,5,1,1,1,1,1
cpbo0595,14,1,1,0,0,0,1,0,0,0,0,0,0,1,0,0,0,0,0,0,0,3,14,1,2,1,2,2,2,2,1,1,2,1,1,1,2,#NULL!
cdno0598,15,1,0,0,0,0,1,0,0,0,0,0,0,1,0,0,0,0,0,1,0,4,14,3,1,2,2,1,1,2,1,1,2,2,2,1,6,#NULL!
ccea0601,13,0,0,0,0,1,1,0,0,0,0,0,0,1,0,0,0,0,0,0,0,4,11,2,1,2,2,1,1,1,1,2,2,1,1,1,1,#NULL!
cyha0602,14,1,1,0,0,0,0,0,0,0,0,0,0,1,0,0,0,0,0,0,0,3,10,4,5,2,2,5,2,2,5,2,2,2,1,2,1,#NULL!
cqpa0604,12,1,1,0,0,0,0,0,0,0,0,0,0,1,0,0,0,0,0,0,0,4,12,2,2,5,2,2,2,2,1,1,5,2,1,2,1,#NULL!
cqpa0604,12,1,1,0,0,0,1,0,0,0,0,0,0,1,0,0,0,0,0,0,0,4,10,2,1,2,2,1,1,1,2,1,2,1,1,1,1,#NULL!
cafb0608,17,1,1,0,0,1,1,0,0,0,0,0,0,1,0,0,0,0,0,0,0,4,13,2,2,2,3,3,3,2,2,3,2,2,2,1,1,2
cwib0609,17,1,0,0,0,0,0,0,0,0,0,0,0,1,0,0,0,0,0,1,0,4,11,2,2,3,2,4,4,4,2,2,2,2,1,1,1,#NULL!
csmb0610,16,1,1,0,0,0,0,0,0,0,0,0,0,1,0,0,0,0,0,0,0,5,14,3,5,5,2,4,5,5,2,1,5,2,2,2,1,#NULL!
coqb0611,10,1,0,0,0,1,1,0,0,0,0,0,0,1,0,0,0,0,0,0,0,3,10,1,1,2,1,1,1,1,1,2,2,1,1,1,1,#NULL!
cgyb0613,14,1,1,0,0,0,0,0,0,0,0,0,0,1,0,0,0,0,0,0,0,5,12,2,2,2,1,1,1,2,2,1,1,2,2,1,1,#NULL!
cccc0614,14,1,1,0,0,0,1,0,0,0,0,0,0,1,0,0,0,0,0,0,0,4,14,3,4,5,2,1,2,5,1,1,5,1,1,1,1,#NULL!
cqnc0617,16,1,0,0,0,1,1,0,0,0,0,0,0,1,0,0,0,0,0,0,0,5,12,2,5,5,2,4,2,2,1,5,2,2,2,2,1,2
cmrc0618,16,1,1,0,0,0,1,1,0,0,0,0,0,1,0,0,0,0,0,0,1,4,15,2,2,2,1,2,2,3,2,2,3,3,3,1,1,#NULL!
cskd0623,9,1,1,0,0,0,0,0,0,0,0,0,0,1,0,0,0,0,0,0,0,3,7,2,1,2,2,2,1,2,2,2,2,2,2,2,2,#NULL!
ccae0627,11,1,1,0,0,0,1,0,0,1,0,0,0,1,0,0,0,0,0,0,0,2,8,1,1,1,1,4,1,1,3,1,1,1,1,1,1,#NULL!
ccae0627,14,1,1,0,0,0,1,0,0,0,0,0,0,1,0,0,0,0,0,0,0,4,8,2,2,2,2,2,1,1,2,2,2,2,2,2,1,#NULL!
cuhe0629,10,1,1,0,0,0,1,0,0,0,0,0,0,1,0,0,0,0,0,0,0,3,7,3,3,5,2,2,1,1,2,5,5,5,5,5,1,2
cmpe0631,11,99,99,99,99,99,99,99,99,99,99,99,99,1,0,1,0,0,0,1,1,1,1,3,3,3,2,1,8,99,99,1,7,5,2,2,4,#NULL!
cite0632,11,1,1,0,0,1,1,0,0,0,0,0,0,1,0,0,0,0,0,0,0,2,9,1,1,1,1,3,1,1,1,1,1,1,1,1,1,#NULL!
cexe0633,9,1,1,0,0,0,1,0,0,0,0,0,0,1,0,0,0,0,0,0,0,3,7,3,1,1,1,5,1,1,5,1,1,1,1,1,1,#NULL!
cabf0634,13,1,1,0,0,0,0,0,0,0,0,0,0,1,0,0,0,0,0,0,0,4,10,2,3,2,2,1,1,3,2,2,1,2,2,1,2,#NULL!
cwef0635,14,1,1,0,0,1,1,0,0,0,0,0,0,1,0,0,0,0,0,1,0,4,1,3,2,2,2,2,2,2,2,2,2,2,2,2,2,#NULL!
cguf0639,17,1,1,0,0,1,1,0,0,0,0,0,0,0,0,0,0,0,0,1,0,3,12,4,7,6,1,2,2,7,2,5,5,7,7,6,1,2
cufg0642,10,1,0,0,0,1,0,0,0,1,0,0,0,1,0,0,0,0,0,0,0,3,8,4,1,6,2,5,1,7,5,99,6,99,99,99,2,#NULL!
cwch0648,15,1,1,0,0,1,0,0,0,0,0,0,0,0,0,0,0,0,0,0,1,3,13,4,5,5,5,5,5,5,5,5,5,2,1,99,99,2
ckoh0651,10,1,1,0,0,1,1,0,0,0,0,0,0,1,0,0,0,0,0,0,0,3,9,2,1,4,1,5,1,2,5,1,1,4,4,1,1,#NULL!
cgsh0652,11,1,1,0,0,0,1,0,0,0,0,0,0,1,0,0,0,0,0,0,0,3,8,2,1,2,2,2,1,2,2,1,2,2,1,1,1,#NULL!
cqhi0656,14,1,1,0,0,0,1,0,0,0,0,0,0,1,0,0,0,0,0,0,0,4,13,2,1,2,2,6,1,2,2,2,1,2,1,1,1,#NULL!
cipi0658,15,0,1,0,0,1,0,0,0,0,0,0,0,1,0,0,0,0,0,0,0,5,9,4,7,7,2,2,2,2,2,2,7,4,4,2,1,#NULL!
ceti0659,17,1,1,0,0,1,0,0,0,0,0,0,0,1,0,0,0,0,0,0,0,5,14,2,2,3,1,2,5,5,2,5,5,3,2,2,2,2
caxi0660,17,1,1,0,0,0,0,0,0,0,0,0,0,0,1,0,0,0,0,0,0,7,11,3,6,7,2,2,2,2,6,1,6,3,3,3,1,#NULL!
cwaj0661,10,1,1,0,0,0,0,0,0,0,0,0,0,1,0,0,0,0,0,0,0,3,6,2,6,6,1,5,2,6,6,1,6,5,4,2,2,#NULL!
coij0663,11,1,1,0,0,0,1,0,0,0,0,0,0,1,0,0,0,0,0,0,0,5,12,3,4,6,2,3,4,3,2,2,5,1,1,1,1,#NULL!
cgqj0665,14,1,1,0,0,0,1,0,0,0,0,0,0,1,0,0,0,0,0,0,1,4,11,3,1,6,2,1,2,2,6,2,2,1,1,1,1,#NULL!
cqfk0669,17,0,1,0,0,0,1,0,0,0,0,0,0,1,0,0,0,0,0,0,0,4,15,2,2,5,2,1,1,1,4,1,5,4,1,1,1,#NULL!
cink0671,11,1,1,0,0,0,1,0,0,0,0,0,0,1,0,0,0,0,0,0,0,3,7,3,5,2,2,1,2,6,4,99,5,4,2,5,4,#NULL!
cavk0673,11,1,1,0,0,0,1,0,0,0,0,0,0,1,0,0,0,0,0,0,0,3,10,2,1,1,1,2,1,2,2,1,1,1,1,1,1,#NULL!
cwyk0674,14,1,1,0,0,0,1,0,0,0,0,0,0,1,0,0,0,0,0,1,1,4,10,2,5,5,5,5,2,5,5,5,5,2,5,5,2,3
ccsl0679,16,0,0,0,0,1,0,0,0,0,0,0,0,1,0,0,0,0,0,0,0,5,12,2,5,5,5,2,1,4,6,1,2,5,5,6,1,#NULL!
cuzl0681,11,1,1,0,0,1,1,0,0,0,0,0,0,1,0,0,0,0,0,0,0,3,7,2,1,5,1,5,1,1,5,1,5,1,1,4,1,#NULL!
cqdm0682,11,1,1,0,0,0,0,0,0,0,0,0,0,1,0,0,0,0,0,0,0,4,10,3,6,6,2,1,1,1,6,6,6,7,1,1,1,2
cilm0684,15,1,1,0,0,0,0,0,0,0,0,0,0,1,0,0,0,0,0,0,0,4,10,2,7,7,99,2,2,6,6,99,99,2,2,7,2,#NULL!
catm0686,14,1,1,1,1,1,1,1,1,1,1,1,1,1,0,0,0,0,0,0,0,4,8,4,2,7,7,7,2,7,2,2,7,2,2,5,2,#NULL!
csan0688,15,1,1,0,0,0,0,0,0,0,0,0,0,1,0,0,0,0,0,1,0,3,10,2,2,2,2,2,99,99,99,99,99,2,99,6,99,#NULL!
cgmn0691,10,1,1,0,0,1,1,0,0,0,0,0,0,1,0,0,0,0,0,0,0,3,6,3,4,1,1,7,1,1,6,1,1,5,1,1,1,#NULL!
ccqn0692,11,1,1,0,0,1,1,0,0,0,0,0,0,1,0,0,0,0,0,1,0,4,11,3,2,5,1,4,5,5,5,5,5,5,1,5,5,1
cqbo0695,12,1,1,0,0,1,1,0,0,0,0,0,0,1,0,0,0,0,0,0,0,3,12,2,2,2,2,2,2,4,4,2,2,2,2,2,4,#NULL!
cmfo0696,12,1,1,0,0,1,1,0,0,0,0,0,0,1,0,0,0,0,0,0,0,4,11,2,5,5,3,2,2,3,6,2,2,5,3,4,2,#NULL!
ceno0698,13,1,1,0,0,1,0,0,0,0,0,0,0,1,0,0,0,0,0,1,0,3,10,3,2,2,2,2,2,2,2,2,2,2,2,2,2,#NULL!
cdea0701,10,1,1,0,0,0,1,0,0,0,0,0,0,1,0,0,0,0,0,0,0,3,8,3,1,5,1,1,1,1,4,1,4,5,5,4,1,#NULL!
crpa0704,9,1,1,0,0,1,1,0,0,0,0,0,0,1,0,0,0,0,0,1,0,3,7,3,1,5,1,99,99,99,5,1,1,5,1,4,1,#NULL!
cjxa0706,12,1,1,0,0,0,1,0,0,0,0,0,0,1,0,0,0,0,0,1,0,4,12,2,4,2,4,5,6,2,5,2,5,2,1,5,6,#NULL!
cpqb0711,10,1,1,0,0,1,1,0,0,0,0,0,0,1,0,0,0,0,0,0,0,2,7,1,1,1,1,3,1,1,1,1,1,1,1,1,1,#NULL!
cdcc0714,13,1,1,0,0,0,1,0,0,0,0,0,0,1,0,0,0,0,0,0,0,3,8,2,1,2,1,3,1,1,2,1,2,1,1,1,1,#NULL!
crnc0717,15,0,0,1,0,0,0,0,0,0,0,0,0,1,0,0,0,0,0,1,0,4,13,2,2,2,7,6,2,7,7,7,7,3,2,1,1,2
cnrc0718,17,0,1,1,0,1,1,0,0,0,0,0,0,1,0,0,0,0,0,1,0,5,12,2,2,2,2,2,1,4,1,5,4,2,2,1,1,1
cbdd0721,10,1,1,0,0,0,1,0,0,0,0,0,0,1,0,0,0,0,0,0,0,3,9,2,1,4,2,1,1,1,4,1,1,2,1,4,1,#NULL!
cxgd0722,10,1,1,0,0,0,1,0,0,0,0,0,0,1,0,0,0,0,0,0,0,3,8,2,1,4,2,1,1,1,4,1,2,2,2,1,1,#NULL!
clsd0725,12,1,0,0,0,0,0,0,0,0,0,0,0,1,0,0,0,0,0,0,0,4,7,4,1,5,1,1,1,1,5,1,5,5,1,1,1,#NULL!
chwd0726,13,1,1,0,0,0,1,0,0,0,0,0,0,1,0,0,0,0,0,1,0,4,10,2,7,7,99,1,2,99,7,1,99,4,1,2,1,#NULL!
czde0728,16,0,0,0,0,1,0,0,0,0,0,0,0,1,0,0,0,0,0,0,0,5,11,3,2,5,2,2,2,6,1,7,2,6,4,5,1,2
cvhe0729,15,1,0,0,0,0,1,0,0,0,0,0,0,1,0,0,0,0,0,0,0,4,10,3,1,4,1,1,1,1,5,1,1,5,1,1,1,#NULL!
cnpe0731,9,1,1,0,0,1,1,0,0,0,0,0,0,1,0,0,0,0,0,0,0,3,7,2,1,1,1,4,1,1,4,1,1,1,1,1,1,2
cxef0735,10,1,1,0,0,1,1,0,0,0,0,0,0,1,0,0,0,0,0,0,0,3,8,1,8,1,1,1,1,1,2,2,4,5,5,4,4,#NULL!
cxef0735,10,1,1,0,0,1,1,0,0,0,0,0,0,1,0,0,0,0,0,0,0,3,8,1,8,1,1,1,1,1,2,2,4,5,5,4,4,#NULL!
cnpe0731,12,0,1,0,0,1,1,0,0,0,0,0,0,1,0,0,0,0,0,0,0,4,7,4,2,7,7,7,2,2,7,7,5,5,5,5,5,2
cfxe0733,11,1,1,0,0,1,1,0,0,0,0,0,0,1,0,0,0,0,0,0,0,3,6,2,1,2,2,2,2,3,2,2,1,2,4,2,3,1
chuf0739,17,1,1,0,0,0,1,0,0,0,0,0,0,1,0,0,0,0,0,0,0,5,10,3,5,5,2,2,1,6,1,1,6,1,2,2,2,#NULL!
czbg0741,9,1,1,0,0,1,1,0,0,1,0,0,0,1,0,0,0,0,0,1,1,3,8,3,3,1,1,1,1,1,4,1,3,4,2,3,1,#NULL!
cvfg0742,10,1,0,0,0,0,1,0,0,0,0,0,0,1,0,0,0,0,0,0,0,2,9,2,1,3,1,1,1,1,1,1,3,1,1,1,1,#NULL!
cjrg0745,14,1,1,0,0,1,1,0,0,0,0,0,0,1,0,0,0,0,0,1,0,4,10,2,1,5,1,1,1,1,5,1,1,2,1,1,1,#NULL!
cfvg0746,14,1,0,0,0,0,0,0,0,0,0,0,0,1,0,0,0,0,0,0,0,3,12,1,3,4,1,1,1,1,1,5,4,1,1,1,1,1
cxch0748,14,1,1,0,0,1,1,0,0,0,0,0,0,1,0,0,0,0,0,0,0,4,10,2,1,2,2,2,1,2,2,2,2,2,1,1,1,#NULL!
ctgh0749,17,1,1,0,0,0,0,0,0,0,0,0,0,1,0,0,0,0,0,0,0,4,10,1,2,5,2,1,1,1,4,1,5,5,1,1,1,#NULL!
cloh0751,9,1,1,0,0,1,1,0,0,0,0,0,0,1,0,0,0,0,0,0,0,3,7,3,2,1,1,1,1,1,5,1,1,2,2,1,1,#NULL!
cvdi0755,12,0,0,0,0,1,1,0,0,0,0,0,0,1,0,0,0,0,0,0,0,4,9,3,1,4,4,4,4,4,2,4,4,1,1,2,5,2
crhi0756,14,0,1,0,0,1,0,0,0,0,0,0,0,1,0,0,0,0,0,0,0,4,10,3,1,5,4,1,1,1,4,1,1,4,1,1,1,#NULL!
cjpi0758,15,1,1,0,0,0,1,0,0,0,0,0,0,1,0,0,0,0,0,0,0,4,9,3,6,5,5,1,2,2,4,2,4,5,5,5,1,#NULL!
cxaj0761,10,1,1,0,0,0,0,0,0,0,0,0,0,1,0,0,0,0,0,1,0,3,9,2,2,2,1,2,1,1,2,1,2,1,2,2,1,#NULL!
clmj0764,12,1,1,0,0,0,0,0,0,0,0,0,0,1,0,0,0,0,0,0,0,4,8,2,2,2,1,1,2,1,2,2,2,2,1,2,1,#NULL!
chqj0765,14,1,1,0,0,0,1,0,0,0,0,0,0,1,0,0,0,0,0,1,0,4,10,3,8,8,5,5,5,5,1,1,6,6,5,5,1,#NULL!
cvbk0768,16,0,1,0,0,0,0,0,0,0,0,0,0,1,0,0,0,0,0,0,0,5,9,3,2,2,2,2,1,7,1,2,6,2,2,2,4,#NULL!
cjnk0771,9,1,1,0,0,1,1,0,0,0,0,0,0,1,0,0,0,0,0,0,0,2,7,1,1,1,1,4,1,1,4,1,1,1,1,1,1,#NULL!
cfrk0772,11,1,1,0,0,0,1,0,0,0,0,0,0,1,0,0,0,0,0,0,0,3,9,3,5,5,2,2,1,2,4,6,2,3,1,1,1,1
ctcl0775,12,1,1,0,0,0,1,0,0,0,0,0,0,1,0,0,0,0,0,0,0,3,10,2,1,1,1,4,1,3,4,1,4,1,1,1,1,#NULL!
cpgl0776,14,1,1,0,0,0,1,0,0,1,0,0,0,1,0,0,0,0,0,1,0,4,9,4,1,5,2,2,1,2,1,2,5,2,2,2,1,#NULL!
chol0778,15,1,1,0,0,0,0,0,0,0,0,0,0,1,0,0,0,0,0,0,0,4,11,2,4,4,2,2,1,4,2,2,5,2,1,2,2,#NULL!
cdsl0779,17,1,1,0,0,0,1,0,0,0,0,0,0,0,1,0,0,0,0,1,0,7,8,3,6,7,7,6,6,7,1,6,7,4,5,4,3,2
cvzl0781,10,0,1,0,0,0,1,0,0,0,0,0,0,1,0,0,0,0,0,0,0,3,10,2,1,4,1,1,1,1,4,1,4,2,1,1,1,#NULL!
crdm0782,11,0,0,0,0,1,1,0,0,0,0,0,0,1,0,0,0,0,0,0,0,3,9,2,1,4,1,1,1,1,2,1,1,4,1,1,1,#NULL!
cjlm0784,12,0,0,0,0,0,1,0,0,0,0,0,0,1,0,0,0,0,0,0,0,3,9,1,1,3,1,4,1,1,4,1,1,1,1,1,1,#NULL!
cfpm0785,14,1,1,0,0,0,1,0,0,0,0,0,0,1,0,0,0,0,0,0,0,3,10,4,5,5,1,1,1,1,1,1,4,5,1,1,1,#NULL!
ctan0788,16,1,1,0,0,0,0,0,0,0,0,0,0,1,0,0,0,0,0,0,0,5,12,2,5,6,5,2,2,2,2,5,6,2,2,2,2,1
chmn0791,9,1,1,0,0,0,1,0,0,0,0,0,0,1,0,0,0,0,0,0,0,3,8,2,1,3,1,1,1,1,1,1,1,1,1,1,1,#NULL!
cdqn0792,11,1,0,0,0,0,1,0,0,0,0,0,0,1,0,0,0,0,0,0,0,2,10,2,1,4,1,1,1,1,1,1,4,1,1,1,1,#NULL!
crbo0795,12,1,1,0,0,0,1,0,0,0,0,0,0,1,0,0,0,0,0,0,0,4,10,2,2,2,2,3,1,1,3,2,2,3,1,1,1,#NULL!
cfno0798,15,1,1,0,0,0,1,0,0,0,0,0,0,1,0,0,0,0,0,0,0,3,13,3,5,5,1,4,1,2,5,2,5,1,1,1,1,#NULL!
cbro0799,16,1,1,0,0,0,0,0,0,0,0,0,0,1,0,0,0,0,0,1,0,4,10,3,5,5,5,5,4,5,5,5,5,5,5,5,5,1
cimn0891,9,1,1,0,0,0,1,0,0,0,0,0,0,1,0,0,0,0,0,0,0,3,9,4,1,2,2,1,1,1,1,1,2,1,1,1,1,#NULL!
csbo0895,14,1,1,0,0,0,1,0,0,0,0,0,0,1,0,1,0,0,0,1,0,4,14,2,2,2,2,2,1,2,2,8,2,2,1,1,1,#NULL!
ckjo0897,15,1,1,0,0,0,0,0,0,0,0,0,0,1,0,0,0,0,0,1,0,4,10,3,6,5,5,6,5,6,3,4,7,2,2,5,1,2
cgno0898,17,1,1,0,0,0,1,0,0,0,0,0,0,1,0,0,0,0,0,1,0,5,14,3,4,5,7,2,2,7,2,2,5,2,2,2,1,#NULL!
cfea0901,10,1,0,0,0,0,0,0,0,0,0,0,1,1,0,0,0,0,0,0,0,4,10,2,1,2,2,1,2,2,1,1,2,1,1,2,99,#NULL!
cpta0905,13,1,0,0,0,1,1,0,0,0,0,0,0,1,0,0,0,0,0,0,0,4,11,4,3,3,2,2,6,7,2,99,7,4,4,7,1,#NULL!
chbb0907,14,0,1,0,0,1,1,0,0,0,0,0,0,0,0,0,0,1,0,0,0,1,9,2,2,2,3,2,1,3,3,2,2,2,3,2,1,#NULL!
crqb0911,10,1,1,0,0,0,1,0,0,0,0,0,0,1,0,0,0,0,0,0,0,3,9,2,8,2,1,1,1,1,1,1,2,1,1,1,1,#NULL!
cnub0912,10,0,1,0,0,1,1,0,0,0,0,0,0,1,0,0,0,0,0,0,0,3,1,3,1,3,3,1,2,1,1,2,2,1,1,1,1,#NULL!
cbgc0915,13,1,1,0,0,0,1,0,0,0,0,0,0,1,0,0,0,0,0,1,0,4,11,3,4,4,4,4,2,3,4,3,4,3,3,3,2,2
cxjc0916,15,0,1,0,0,1,1,0,0,0,0,0,0,1,0,0,0,0,0,1,0,4,13,2,2,5,2,2,2,7,1,99,2,1,1,1,99,#NULL!
ctnc0917,11,1,1,0,0,0,1,0,0,0,0,0,0,1,0,0,0,0,0,1,0,3,99,99,99,99,99,99,99,99,99,99,99,99,99,99,99,#NULL!
cprc0918,15,0,1,0,0,1,1,0,0,0,0,0,0,0,0,0,0,0,0,0,1,3,99,99,99,99,99,99,99,99,99,99,99,99,99,99,99,#NULL!
chzc0920,16,1,1,0,0,0,1,0,0,0,0,0,0,1,0,0,0,0,0,0,0,5,13,3,2,2,2,2,2,2,2,2,2,2,3,2,1,#NULL!
cddd0921,9,1,1,0,0,0,1,0,0,0,0,0,0,1,0,0,0,0,0,0,0,3,9,3,2,3,4,4,6,4,2,3,6,2,3,3,2,1
czgd0922,11,1,1,0,0,1,0,0,0,0,0,0,0,1,0,0,0,0,0,1,0,3,11,3,2,2,2,2,1,2,1,1,2,2,2,4,1,#NULL!
crod0924,11,1,1,0,0,1,1,0,0,1,0,0,0,1,0,0,0,0,0,1,0,3,11,3,4,4,4,4,2,4,4,2,2,2,1,4,2,#NULL!
cnsd0925,14,1,1,0,0,1,0,0,0,0,0,0,0,1,0,1,0,0,0,1,0,4,12,2,2,6,2,2,2,2,1,1,7,4,4,4,1,#NULL!
cbee0928,15,1,1,0,0,0,1,0,0,1,0,0,0,1,1,0,0,0,0,1,0,4,10,2,4,2,2,2,#NULL!,#NULL!,#NULL!,#NULL!,#NULL!,#NULL!,#NULL!,#NULL!,#NULL!,#NULL!
cxhe0929,17,1,1,0,0,1,1,0,0,0,0,0,0,1,0,0,0,0,0,0,0,5,15,2,2,2,1,1,1,2,1,5,1,1,1,4,1,2
cppe0931,11,1,1,0,0,0,1,0,0,0,0,0,0,1,0,0,0,0,0,0,0,3,9,3,1,4,1,1,4,1,1,1,1,4,1,1,1,#NULL!
cdbf0934,13,0,0,0,0,1,0,0,0,0,0,0,0,1,0,0,0,0,0,0,0,4,1,2,1,2,1,1,1,1,1,1,2,1,1,1,1,#NULL!
czef0935,13,1,1,0,0,1,1,0,0,0,0,0,0,1,0,0,0,0,0,1,0,4,99,99,99,99,2,99,99,99,99,1,99,99,99,2,99,#NULL!
cvif0936,13,1,1,0,0,0,1,0,0,0,0,0,0,1,0,0,0,0,0,1,0,4,99,99,99,99,99,99,99,99,99,99,99,99,99,99,99,#NULL!
cnqf0938,15,1,1,0,0,0,1,0,0,0,0,0,0,1,0,0,0,0,0,0,0,4,12,2,1,2,2,2,1,2,1,1,2,2,1,2,1,#NULL!
cjuf0939,17,1,1,0,0,0,1,0,0,0,0,0,0,1,0,1,0,0,0,0,0,4,14,2,2,2,2,1,2,2,1,1,2,1,2,1,1,#NULL!
cbcg0941,10,0,0,0,0,1,1,0,0,0,0,0,0,1,0,0,0,0,0,0,0,3,6,2,3,3,2,2,1,1,1,4,2,1,1,2,1,1
cxfg0942,9,1,0,0,0,1,1,0,0,0,0,0,0,1,0,0,0,0,0,0,0,3,8,4,1,7,2,1,1,1,1,7,2,1,1,1,1,1
cpng0944,12,1,1,0,0,0,1,0,0,0,0,0,0,1,0,0,0,0,0,0,0,4,10,2,4,2,2,2,2,6,1,2,4,2,2,2,1,#NULL!
czch0948,17,1,1,0,0,0,1,0,0,0,0,0,1,1,0,0,0,0,0,1,0,5,13,2,2,2,2,2,2,4,2,5,6,2,1,1,1,1
cnoh0951,10,1,1,0,0,1,1,0,0,0,0,0,0,1,0,0,0,0,0,0,1,3,10,2,2,4,1,4,1,1,1,1,4,4,2,1,2,#NULL!
cbai0954,12,1,1,0,0,0,1,0,0,0,0,0,0,1,0,0,0,0,0,0,0,4,11,2,2,4,2,1,2,1,1,1,2,1,1,1,1,#NULL!
cpli0957,15,0,0,0,0,1,0,0,0,0,0,0,0,1,0,0,0,0,0,0,0,4,13,3,4,4,5,5,5,5,1,5,4,1,1,5,1,2
clpi0958,17,1,1,0,0,0,1,0,0,0,0,0,0,1,0,0,0,0,0,0,0,5,17,3,4,2,4,4,2,6,5,1,5,3,2,2,1,#NULL!
czaj0961,11,1,1,0,0,0,1,0,0,0,0,0,0,1,0,0,0,0,0,1,0,3,10,2,1,1,4,4,1,1,1,1,1,4,4,1,1,#NULL!
cnmj0964,13,0,1,0,0,0,1,0,0,0,0,0,0,1,0,0,0,0,0,0,0,4,9,3,2,6,3,2,1,4,1,1,4,2,1,4,1,#NULL!
cbyj0967,16,0,0,0,0,1,0,0,0,0,0,0,0,1,0,0,0,0,0,0,0,5,12,3,1,1,7,7,2,2,4,1,2,1,1,1,1,#NULL!
clnk0971,9,1,1,0,0,0,1,0,0,0,0,0,0,1,0,0,0,0,0,0,0,3,9,2,1,1,1,1,1,1,1,1,1,1,1,2,2,#NULL!
chrk0972,11,1,1,0,0,0,1,0,0,0,0,0,0,1,0,0,0,0,0,0,0,3,9,2,1,1,1,1,1,1,1,1,4,1,1,1,1,#NULL!
cvcl0975,13,1,1,0,0,1,0,0,0,0,0,0,0,1,0,0,0,0,0,1,0,4,10,2,99,99,99,99,99,99,99,99,99,99,99,99,99,#NULL!
crgl0976,12,1,0,0,0,0,0,0,0,0,0,0,0,1,0,0,0,0,0,0,0,4,8,2,2,2,1,2,1,2,1,2,5,2,1,1,1,#NULL!
cjol0978,15,1,1,0,0,1,0,0,0,0,0,0,0,1,0,0,0,0,0,1,1,5,10,2,5,5,2,2,2,2,1,2,6,2,6,2,1,#NULL!
cfsl0979,17,1,1,0,0,1,0,0,0,0,0,0,0,1,0,1,0,0,0,1,0,5,12,3,5,6,4,4,2,4,2,6,5,2,2,2,1,2
cxzl0981,10,1,1,0,0,1,0,0,0,0,0,0,0,1,0,0,0,0,0,0,0,3,10,2,1,2,1,1,1,1,1,2,2,1,2,2,1,#NULL!
cphm0983,10,0,1,0,0,0,1,0,0,0,0,0,0,1,0,0,0,0,0,0,0,3,7,2,1,2,1,1,2,2,1,2,2,2,1,1,1,#NULL!
cllm0984,12,1,0,0,0,1,0,0,0,0,0,0,0,1,0,0,0,0,0,0,0,4,9,2,99,4,2,99,2,99,99,99,2,99,2,3,99,#NULL!
chpm0985,14,1,1,0,0,1,0,0,1,0,0,0,0,1,0,0,0,0,0,0,0,4,13,2,2,5,5,2,2,2,2,2,7,2,2,2,1,#NULL!
cvan0988,15,0,0,0,0,1,1,0,0,0,0,0,0,1,0,0,0,0,0,0,0,4,12,2,2,5,2,2,1,5,1,5,5,2,2,1,1,2
cren0989,17,1,1,0,0,1,0,0,0,0,0,0,0,1,0,0,0,0,0,1,0,5,11,2,1,2,2,4,2,5,1,6,5,2,2,2,1,2
cxxn0994,11,99,99,99,99,99,99,99,99,99,99,99,99,99,99,99,99,99,99,99,99,99,99,99,99,99,99,99,99,99,99,99,99,99,99,99,99,#NULL!
ctbo0995,12,1,1,0,0,1,0,0,0,1,0,0,0,1,0,0,0,0,0,1,0,4,10,4,1,6,3,1,7,7,1,99,7,3,3,5,1,#NULL!
cdro0999,17,0,0,0,0,1,1,0,0,0,0,0,0,1,0,0,0,0,0,0,0,5,10,3,5,5,6,2,7,6,4,7,7,2,6,6,2,2
cupa1004,13,1,1,0,0,0,1,0,0,0,0,0,0,1,0,0,0,0,0,0,0,4,13,3,4,4,4,4,4,4,4,1,4,4,4,1,1,#NULL!
cqta1005,12,1,1,0,0,0,1,0,0,0,0,0,0,1,0,0,0,0,0,1,0,4,12,1,1,2,2,1,2,2,1,1,1,1,1,1,6,#NULL!
cefb1008,16,0,1,0,0,1,0,0,0,0,0,0,0,1,0,0,0,0,0,0,0,5,13,2,1,1,2,2,3,2,2,2,2,1,1,1,2,#NULL!
cajb1009,16,0,1,0,0,0,0,0,0,0,0,0,0,1,0,0,0,0,0,1,1,5,10,3,2,2,2,3,1,2,99,3,99,2,2,2,99,1
csqb1011,9,1,1,0,0,0,0,0,0,0,0,0,1,1,0,0,0,0,0,1,1,3,7,3,4,4,3,3,99,6,99,99,99,3,99,99,99,#NULL!
coub1012,10,1,1,0,0,1,0,0,0,0,0,0,0,1,0,0,0,0,0,0,0,3,9,2,1,2,4,1,1,1,1,7,1,6,1,6,6,1
cgcc1014,13,1,1,0,0,0,1,0,0,0,0,0,0,1,0,0,0,0,0,0,0,4,12,2,8,8,8,8,8,8,8,8,6,8,8,6,6,#NULL!
cahd1022,11,0,0,0,0,1,0,0,0,0,0,0,0,1,0,0,0,0,0,0,0,3,7,1,2,1,1,1,1,1,1,1,1,1,1,1,99,#NULL!
cosd1025,15,1,1,0,0,0,0,0,0,0,0,0,0,1,0,0,0,0,0,0,0,4,1,2,1,4,1,1,1,3,1,4,4,1,4,4,2,2
ccee1028,15,1,1,0,0,0,1,0,0,0,0,0,0,1,0,0,0,0,0,0,0,4,14,3,4,4,4,1,1,1,1,1,4,1,1,1,1,#NULL!
cyhe1029,17,1,1,0,0,0,1,0,0,0,0,0,0,1,0,0,0,0,0,0,0,5,15,2,4,6,6,2,2,6,4,4,2,1,5,6,6,1
cqpe1031,11,1,0,0,0,1,1,0,0,0,0,0,1,1,0,0,0,0,0,1,0,3,8,2,1,6,1,2,1,5,1,2,2,6,6,6,6,#NULL!
cixe1033,14,0,1,0,0,1,1,0,0,0,0,0,1,1,0,0,0,0,0,1,0,4,12,2,1,1,1,1,99,99,99,1,2,1,2,2,2,#NULL!
caff1035,14,1,1,0,0,1,1,0,0,0,0,0,0,1,0,0,0,0,0,1,0,4,12,3,4,3,2,1,2,3,2,1,2,2,2,2,2,#NULL!
csmf1037,17,1,1,0,0,0,1,0,0,0,0,0,0,1,0,0,0,0,0,0,0,5,14,2,1,2,2,2,1,1,1,6,2,1,1,1,1,2
coqf1038,17,1,1,0,0,0,1,0,0,0,0,0,0,1,0,0,0,0,0,0,0,4,16,2,2,2,1,1,1,2,1,2,2,1,1,1,1,#NULL!
ckuf1039,16,0,0,0,0,0,1,0,0,0,0,0,0,1,0,0,0,0,0,0,0,5,15,3,6,6,2,6,2,6,2,5,5,2,2,2,2,2
cccg1041,11,1,0,0,0,1,1,0,0,0,0,0,1,1,0,0,0,0,0,0,0,3,11,1,1,1,1,1,1,1,4,1,3,1,2,2,2,#NULL!
cyfg1042,12,1,1,0,0,1,1,0,0,0,0,0,0,1,0,0,0,0,0,1,0,4,12,2,5,5,7,5,4,7,7,4,2,4,2,4,4,2
cujg1043,14,0,1,0,0,1,0,0,0,0,0,0,0,1,0,0,0,0,0,1,0,3,9,4,5,5,5,5,6,7,2,2,5,2,2,5,2,#NULL!
cqng1044,14,1,0,0,0,1,1,0,0,0,0,0,0,1,0,0,0,0,0,0,0,4,13,2,2,2,2,3,4,3,1,4,2,1,1,4,1,2
cmrg1045,15,99,99,99,99,99,99,99,99,99,99,99,99,1,0,0,0,0,0,0,0,4,14,3,1,4,4,1,2,4,1,1,4,1,1,99,1,#NULL!
civg1046,15,1,1,0,0,0,1,0,0,0,0,0,0,1,0,0,0,0,0,1,0,4,1,2,2,2,2,1,2,2,3,1,2,1,1,1,1,#NULL!
cezg1047,16,1,1,0,0,1,1,0,0,0,0,0,0,1,1,0,0,0,0,0,0,5,14,2,2,5,2,1,2,2,1,5,6,1,1,2,1,2
cadh1048,17,99,99,99,99,99,99,99,99,99,99,99,99,1,0,0,0,0,0,0,0,5,15,2,4,4,99,99,99,8,99,3,99,4,4,99,99,99
cskh1050,17,1,1,0,0,0,0,0,0,1,1,0,0,1,0,0,0,0,0,1,1,4,16,1,6,6,6,4,4,5,5,4,4,1,1,5,4,2
cooh1051,9,1,1,0,0,0,0,0,0,0,0,0,0,1,0,0,0,0,0,0,0,3,1,99,99,99,99,99,99,99,99,99,99,99,99,99,99,#NULL!
cksh1052,11,1,1,0,0,0,1,0,0,0,0,0,0,1,0,0,0,0,0,1,0,4,8,2,2,5,4,1,1,2,1,1,5,4,5,4,1,#NULL!
ccai1054,13,1,1,0,0,1,0,0,0,0,0,0,1,1,0,0,0,0,0,1,1,4,12,2,1,1,2,1,2,2,1,2,2,2,4,2,2,#NULL!
cydi1055,13,1,1,0,0,0,0,0,0,0,0,0,0,1,0,0,0,0,0,0,0,4,99,1,99,99,2,2,99,99,99,99,4,1,1,99,2,#NULL!
citi1059,16,1,1,1,0,0,1,0,0,0,0,0,0,1,0,0,0,0,0,1,0,3,7,2,4,2,4,1,2,3,2,6,6,2,2,4,2,2
cabj1061,15,1,1,0,0,0,1,0,0,0,0,0,0,1,0,0,0,0,0,0,1,5,12,2,1,4,2,1,2,2,1,1,1,1,1,2,1,#NULL!
csij1063,13,0,1,0,0,1,1,0,0,0,0,0,0,1,0,0,0,0,0,0,0,7,10,1,1,1,1,1,1,1,1,1,6,1,2,1,8,#NULL!
comj1064,13,1,1,0,0,0,1,0,0,0,0,0,0,1,0,0,0,1,0,1,1,4,12,1,1,1,1,1,1,1,1,1,1,1,1,1,1,#NULL!
ckqj1065,14,1,1,0,0,1,1,0,0,0,0,0,0,1,0,0,0,0,0,0,0,4,10,2,6,7,6,6,2,7,1,2,7,4,5,1,1,#NULL!
cguj1066,14,1,1,0,0,0,0,0,0,0,0,0,0,1,0,0,0,0,0,0,0,4,10,3,4,4,4,4,1,2,2,2,2,2,2,1,1,#NULL!
cufk1069,16,1,1,0,0,0,1,0,0,0,0,0,0,1,0,0,0,0,0,0,0,4,13,3,1,6,2,2,1,2,1,1,7,2,1,1,1,#NULL!
cmnk1071,12,1,1,0,0,0,1,0,0,0,0,0,0,1,0,0,0,0,0,0,0,4,11,2,1,1,3,1,1,1,1,4,4,1,3,1,2,1
cwcl1075,13,1,1,0,0,0,0,0,0,0,0,0,0,1,0,0,0,0,0,1,0,4,11,1,2,1,1,1,1,1,1,1,1,99,99,99,99,#NULL!
csgl1076,13,1,1,0,0,1,1,0,1,0,0,0,0,1,0,0,0,0,0,0,0,4,10,2,4,4,3,4,4,4,1,1,4,3,4,2,1,#NULL!
cokl1077,14,1,1,0,0,0,1,0,0,0,0,0,0,1,0,0,1,0,0,0,0,4,12,2,4,4,6,3,2,6,99,1,2,4,4,1,4,#NULL!
ckol1078,16,1,1,0,0,1,0,0,0,0,0,0,0,1,0,0,0,0,0,1,1,5,12,2,4,2,4,4,2,5,1,5,6,1,1,1,1,1
cudm1082,10,1,0,0,0,0,0,0,0,0,0,0,0,1,0,0,0,0,0,0,0,3,9,3,3,3,4,4,3,6,1,4,3,4,4,4,1,2
cmlm1084,17,1,1,0,0,0,1,0,0,0,0,0,0,0,0,0,0,0,0,1,0,5,11,4,7,7,7,7,7,5,1,2,7,2,2,2,1,#NULL!
cipm1085,13,1,1,0,0,0,1,0,0,0,0,0,0,1,0,0,0,0,0,0,1,3,11,4,4,6,1,1,4,6,1,99,6,4,5,5,4,#NULL!
cwan1088,14,1,1,0,0,0,1,0,0,0,0,0,0,1,0,0,0,0,0,1,1,4,9,4,2,6,2,2,2,6,1,2,6,2,6,1,4,#NULL!
csen1089,17,1,1,0,0,1,1,0,0,0,0,0,0,0,0,0,0,0,0,0,1,5,11,4,5,6,1,1,1,5,1,5,5,6,6,1,1,2
cvpa1104,14,1,1,0,0,0,1,0,0,0,0,0,0,1,0,0,0,0,0,1,1,4,13,2,2,1,1,3,1,2,1,1,2,2,1,1,1,#NULL!
crta1105,11,1,0,0,0,0,1,0,0,0,0,0,0,1,0,0,0,0,0,0,0,4,10,2,4,5,1,1,1,1,1,1,5,1,2,1,1,#NULL!
cffb1108,17,1,1,0,0,0,1,0,0,0,0,0,0,1,0,0,0,0,0,1,1,4,14,2,1,5,2,2,2,5,1,1,5,1,1,1,1,#NULL!
ctqb1111,10,1,1,0,0,0,1,0,0,0,0,0,0,1,0,0,0,0,0,0,1,3,10,1,1,1,1,1,1,1,1,1,1,1,1,1,1,#NULL!
chcc1114,11,1,1,0,0,1,1,0,0,0,0,0,0,1,0,0,0,0,0,1,0,3,1,99,99,99,99,99,99,99,99,99,99,99,99,99,99,#NULL!
cdgc1115,14,1,1,0,0,0,1,0,0,0,0,0,0,1,0,0,1,0,0,1,1,4,10,2,2,3,5,5,1,4,1,2,2,5,4,1,1,#NULL!
cvnc1117,14,1,0,0,0,0,1,0,0,0,0,0,0,1,0,0,0,0,0,1,1,3,14,1,1,99,99,99,99,99,99,2,2,4,1,1,1,#NULL!
crrc1118,17,1,1,0,0,0,1,0,0,0,0,0,0,1,0,0,0,0,0,1,1,5,12,2,4,1,2,3,2,4,2,99,5,2,2,1,1,#NULL!
cnvc1119,17,0,0,0,0,1,1,0,0,0,0,0,0,1,0,0,0,0,1,1,1,5,13,2,2,2,2,7,2,2,1,2,2,4,1,1,1,#NULL!
cfdd1121,11,1,1,0,0,0,0,0,0,0,0,0,0,1,0,0,0,0,0,0,0,3,6,3,1,1,1,1,1,1,1,2,2,1,4,4,1,#NULL!
cbhd1122,10,1,1,0,0,1,1,0,0,0,0,0,0,1,0,0,0,0,0,1,1,3,10,1,1,1,1,1,1,1,1,1,1,1,1,1,1,#NULL!
ctod1124,12,1,1,0,0,1,1,0,0,0,0,0,0,1,0,0,0,0,0,1,0,4,12,2,1,4,1,1,1,1,1,1,4,4,4,1,4,#NULL!
cpsd1125,15,1,1,0,0,0,1,0,0,0,0,0,0,1,0,0,0,1,0,0,1,4,15,2,2,1,1,2,2,2,2,1,1,2,2,1,1,#NULL!
cdee1128,13,1,1,0,0,1,1,0,0,0,0,0,0,1,0,0,0,0,0,0,0,4,10,2,2,2,3,3,1,1,1,4,4,6,2,1,1,2
cfbf1134,13,1,1,0,0,0,1,0,0,0,0,0,0,1,0,0,0,0,0,0,0,4,12,3,2,2,2,2,1,2,1,2,1,1,3,3,1,#NULL!
cbff1135,13,0,0,0,0,0,1,0,0,0,0,0,1,1,0,0,0,0,0,1,1,4,8,2,4,4,3,4,3,4,1,5,5,1,4,2,4,1
ctmf1137,17,1,0,0,1,0,1,0,1,0,0,0,0,1,0,0,0,0,0,0,0,5,12,2,6,6,6,6,6,6,6,8,6,6,6,6,6,#NULL!
cpqf1138,15,1,0,0,0,1,1,0,0,0,0,0,0,0,0,0,1,0,1,1,1,4,14,2,3,1,3,3,5,5,3,3,6,6,6,3,1,2
cdcg1141,10,99,99,99,99,99,99,99,99,99,99,99,99,1,0,0,0,0,0,0,0,3,7,2,6,3,99,6,1,2,1,6,99,1,99,3,99,3
czfg1142,10,1,0,0,0,1,1,0,0,0,0,0,0,1,0,0,0,0,0,0,0,3,9,1,1,1,3,1,1,1,1,2,99,1,3,3,5,#NULL!
cxgh1149,17,1,1,0,0,0,1,0,0,0,0,0,0,1,0,0,0,0,0,1,1,5,11,3,4,1,2,2,1,1,1,2,2,2,1,2,1,#NULL!
cpoh1151,11,0,0,0,0,1,1,0,0,0,0,0,0,1,0,0,0,0,0,0,1,3,10,2,1,4,4,4,1,4,1,4,4,4,4,1,1,2
clsh1152,11,1,0,0,0,0,0,0,0,0,0,0,0,1,0,0,0,0,0,0,0,3,9,2,2,2,2,1,1,1,1,2,2,1,1,1,2,#NULL!
czdi1155,12,0,0,0,0,1,0,0,0,0,0,0,0,0,0,0,0,0,0,1,0,3,12,1,1,99,99,99,99,99,99,99,1,99,99,99,99,#NULL!
cvhi1156,14,1,0,0,0,1,0,0,0,0,0,0,0,1,0,0,0,0,0,1,0,5,12,2,6,6,5,2,1,7,1,5,4,3,3,1,3,2
chuj1166,12,1,1,0,0,0,1,0,0,0,0,0,0,1,0,0,0,0,0,0,0,4,11,2,1,4,1,1,1,2,1,1,2,1,1,2,1,#NULL!
cdyj1167,17,1,1,0,0,0,1,0,0,0,0,0,0,1,0,0,0,0,0,0,0,4,11,4,5,5,5,5,5,5,1,2,2,2,2,1,1,#NULL!
cvfk1169,16,1,1,0,0,1,1,0,0,0,0,0,0,1,0,0,0,0,0,1,0,5,15,4,5,5,4,2,6,4,1,2,5,2,2,1,1,#NULL!
cnnk1171,10,1,1,0,0,1,1,0,0,0,0,0,0,1,0,0,0,0,0,1,1,3,8,2,1,2,1,1,1,3,1,1,1,5,5,5,1,#NULL!
cjrk1172,9,1,1,99,99,99,1,99,99,99,99,99,99,1,99,99,99,99,99,99,1,3,9,3,1,5,2,2,2,1,2,2,2,2,2,2,2,#NULL!
cxcl1175,12,1,1,0,0,1,1,0,0,0,0,0,0,1,0,0,0,0,0,1,1,3,99,99,99,99,99,99,99,99,99,99,99,99,99,99,99,#NULL!
cpkl1177,12,0,1,0,0,1,1,0,0,0,0,0,0,1,0,0,0,0,0,1,1,3,11,3,1,4,1,1,1,1,2,1,4,2,1,4,1,#NULL!
crhm1183,12,0,0,0,0,0,1,0,0,0,0,0,0,1,0,0,0,0,0,0,0,4,12,3,2,5,2,2,2,2,2,2,2,2,2,2,2,#NULL!
cjpm1185,15,0,1,0,0,0,1,0,0,0,0,0,0,1,0,0,0,0,0,0,0,4,11,3,7,7,7,2,7,7,2,2,2,2,2,2,2,#NULL!
cftm1186,15,1,0,0,0,1,1,0,0,0,0,0,0,1,0,0,0,0,0,0,0,4,13,2,4,5,6,2,1,2,1,1,5,2,1,1,1,#NULL!
cbxm1187,17,0,0,0,0,0,0,0,0,0,0,0,1,1,0,0,0,0,0,1,0,5,14,3,5,5,2,2,2,5,2,5,5,2,2,2,2,2
cxan1188,15,0,1,0,0,0,0,0,0,0,0,0,0,1,0,0,0,0,0,0,0,4,12,4,4,4,4,2,2,6,99,2,99,99,2,2,1,#NULL!
clmn1191,15,1,1,0,0,0,1,1,1,0,0,0,0,0,0,0,0,0,0,1,0,4,13,2,2,2,2,2,2,2,2,2,2,2,2,2,2,#NULL!
czxn1194,14,1,1,0,0,0,1,0,0,0,0,0,0,1,0,0,0,0,0,1,0,4,11,2,1,2,1,1,1,2,1,2,2,1,1,2,1,#NULL!
crfo1196,12,1,1,0,0,0,1,0,0,0,0,0,0,1,0,0,0,0,0,1,0,4,10,2,2,2,1,2,1,1,2,2,1,1,1,1,1,#NULL!
cjno1198,11,1,1,0,0,0,0,0,0,0,0,0,0,1,0,0,0,0,0,1,0,3,10,2,4,4,4,4,2,2,1,4,4,2,2,2,2,2
ceia1202,9,0,0,0,0,1,0,0,0,0,0,0,0,1,0,0,0,0,0,0,1,3,8,2,1,4,1,4,1,4,4,1,1,4,1,1,1,#NULL!
cama1203,14,0,0,0,0,1,0,0,0,0,0,0,0,1,0,0,0,0,0,1,0,4,14,2,2,1,1,1,1,1,1,1,1,1,1,1,1,#NULL!
ckbb1207,10,0,0,0,0,1,0,0,0,0,0,0,0,1,0,0,0,0,0,0,0,3,8,3,1,5,1,1,1,1,1,5,5,1,1,1,1,2
csrc1218,15,1,1,0,0,0,1,0,0,0,0,0,0,1,0,0,0,0,0,1,0,4,12,3,7,7,7,2,2,7,2,5,5,2,2,2,1,2
ceee1228,17,1,1,0,0,1,1,0,0,0,0,0,0,1,0,0,0,0,0,0,0,5,10,3,2,5,2,1,1,1,1,5,5,2,2,1,1,2
cqoh1251,9,1,1,0,0,0,1,0,0,0,0,0,0,1,0,0,0,0,0,1,0,3,8,2,1,2,1,1,1,1,1,1,2,1,2,2,2,#NULL!
ciwh1253,12,1,1,0,0,0,1,0,0,0,0,0,0,1,0,0,0,0,0,0,0,4,1,3,2,4,2,2,1,1,4,4,7,2,1,2,1,1
ceai1254,12,1,1,0,0,0,0,0,1,0,0,0,0,1,0,0,0,0,0,1,0,4,10,2,1,5,5,5,2,2,1,1,5,2,2,1,1,#NULL!
cwhi1256,16,1,0,0,0,0,1,0,0,0,0,0,0,1,0,0,0,0,0,1,1,4,13,4,1,5,5,2,2,2,1,5,5,2,3,1,1,1
csli1257,16,1,1,0,0,0,0,0,0,0,0,0,0,99,99,99,99,99,99,99,99,5,1,1,4,4,99,99,99,99,99,99,4,3,3,1,1,#NULL!
copi1258,16,1,1,0,0,0,1,0,0,0,0,0,0,1,0,0,0,0,0,0,0,4,10,2,1,2,1,1,1,2,1,1,2,1,1,3,1,#NULL!
ccbj1261,10,1,1,0,0,0,1,0,0,0,0,0,1,1,0,0,0,0,0,1,0,3,9,2,99,3,4,1,1,2,1,1,2,1,3,1,1,#NULL!
cqmj1264,12,1,1,0,0,0,1,0,0,0,0,0,0,1,0,0,0,0,0,0,0,4,10,3,1,4,1,1,1,1,1,4,4,1,1,1,1,1
cmqj1265,15,1,1,0,0,0,1,0,0,0,0,0,0,1,0,0,0,0,0,0,0,4,8,4,4,6,2,2,2,2,1,1,6,6,6,7,4,#NULL!
cack1268,16,1,0,0,0,0,1,0,0,0,0,0,0,1,0,0,0,0,0,0,0,5,13,1,3,5,1,1,3,5,1,1,7,1,1,4,1,#NULL!
cwfk1269,16,1,1,0,0,1,1,0,0,0,0,0,1,1,0,0,0,0,0,1,0,4,15,3,2,2,6,2,4,5,1,1,5,2,2,2,1,#NULL!
conk1271,10,1,1,0,0,0,0,0,0,0,0,0,0,1,0,0,0,0,0,0,0,3,9,2,1,2,2,1,2,2,1,1,4,1,1,2,1,#NULL!
ckrk1272,14,1,1,0,0,0,1,0,0,0,0,0,0,1,0,0,0,0,0,0,0,4,11,2,2,4,2,2,1,6,1,1,3,4,4,2,1,#NULL!
cgvk1273,12,1,1,0,0,0,1,0,0,0,0,0,0,1,0,0,0,0,0,1,0,3,99,1,1,1,1,1,1,1,1,1,1,1,1,1,1,#NULL!
cczk1274,14,1,1,0,0,0,1,0,0,0,0,0,0,1,0,0,0,0,0,1,1,4,12,3,2,2,2,2,2,2,1,2,2,1,1,1,1,#NULL!
cycl1275,15,1,1,0,0,0,1,0,0,0,0,0,0,1,0,0,0,0,0,0,1,5,12,3,6,5,2,1,2,4,1,4,4,4,4,4,1,2
cqkl1277,16,1,1,0,0,0,1,0,0,0,0,0,0,1,0,0,1,0,0,1,0,5,11,3,2,7,2,2,2,7,2,7,4,1,1,4,1,99
cmol1278,12,1,0,0,0,0,1,0,0,0,0,0,0,1,0,0,0,0,0,0,0,4,12,2,2,5,5,4,2,4,1,1,5,1,1,1,1,#NULL!
cewl1280,17,1,1,0,0,0,1,0,0,0,0,0,0,0,0,0,0,0,0,0,1,5,14,2,4,5,2,1,5,5,1,1,5,3,1,1,1,#NULL!
caam1281,10,1,0,0,0,1,1,0,0,0,0,0,0,1,0,0,0,0,0,0,0,3,9,2,1,2,4,1,1,2,1,1,1,1,1,2,1,#NULL!
colm1284,9,1,1,0,0,0,1,0,0,0,0,0,0,1,0,0,0,0,0,0,0,3,8,3,1,5,1,1,1,1,1,1,5,1,1,1,1,#NULL!
ckpm1285,13,1,1,0,0,0,1,0,0,0,0,0,0,1,0,0,0,0,0,0,0,4,10,3,1,4,4,1,6,2,4,5,5,2,1,3,3,1
cgtm1286,13,0,0,0,0,1,1,0,0,0,0,0,0,1,0,0,0,0,0,0,0,4,10,2,1,4,4,4,1,4,1,1,5,4,1,1,1,#NULL!
cyan1288,16,0,1,0,0,0,1,0,0,0,0,0,0,1,0,0,0,0,0,0,0,4,13,2,4,4,4,4,4,4,1,1,5,4,1,1,1,#NULL!
cuen1289,17,0,1,0,0,0,1,0,0,0,0,0,0,1,0,0,0,0,0,1,0,4,15,2,6,5,2,1,1,2,1,2,6,2,2,2,1,#NULL!
cmmn1291,14,1,1,0,0,1,1,0,0,0,0,0,0,1,0,0,0,0,0,0,0,4,13,2,1,3,3,1,3,3,1,4,3,1,1,3,1,1
ciqn1292,10,1,1,0,0,0,0,0,0,0,0,0,0,1,0,0,0,0,0,0,1,3,8,3,1,3,4,1,1,1,1,1,5,1,4,1,1,#NULL!
cayn1294,14,1,1,0,0,1,1,0,0,0,0,0,0,1,0,0,0,0,0,1,0,4,13,2,3,3,3,2,2,4,1,4,2,1,1,1,2,2
cwbo1295,15,1,1,0,0,0,1,0,0,0,0,0,0,1,0,0,0,0,0,0,0,4,11,3,1,5,2,2,2,2,1,1,5,2,2,2,2,#NULL!
csfo1296,17,1,1,0,0,0,1,0,0,0,0,0,0,1,0,0,0,0,0,1,0,4,14,2,4,4,4,2,1,4,1,4,4,4,2,2,99,99
ckno1298,16,1,1,0,0,0,1,0,0,0,0,0,0,0,0,0,1,0,0,0,0,4,15,2,1,4,4,1,5,1,1,1,4,1,1,1,1,#NULL!
cnaa1300,14,1,0,0,0,1,1,0,0,0,0,0,0,1,0,0,0,0,0,0,1,4,11,4,1,5,1,1,1,5,1,1,5,1,1,1,1,#NULL!
cjea1301,11,1,1,0,0,0,0,0,1,0,0,0,0,1,0,0,0,0,0,1,0,3,11,1,1,2,1,1,1,1,1,1,2,1,1,2,1,#NULL!
cfia1302,9,1,1,0,0,1,1,0,0,0,0,0,0,1,0,0,0,0,0,0,0,3,9,2,2,8,1,1,1,1,1,1,2,1,1,1,1,#NULL!
cbma1303,17,1,1,0,0,0,1,0,0,0,0,0,0,1,0,0,0,0,0,1,0,5,16,3,6,6,2,2,1,6,1,7,7,1,1,3,1,1
cxpa1304,14,1,1,0,0,0,1,0,0,0,0,0,0,1,0,0,0,0,0,1,0,4,9,2,1,6,6,2,2,2,1,1,6,2,3,1,1,#NULL!
clbb1307,14,1,1,0,0,1,1,0,0,0,0,0,0,1,0,0,0,0,0,1,0,4,10,2,1,2,2,1,1,1,1,1,4,2,1,1,1,#NULL!
cvqb1311,10,0,1,0,0,1,1,0,0,0,0,0,0,1,0,0,0,0,0,1,0,3,9,2,1,2,2,1,1,2,1,1,2,2,1,1,1,#NULL!
cnyb1313,15,1,1,1,0,0,1,0,0,0,0,0,0,1,0,0,0,0,0,1,1,4,15,4,1,6,1,2,2,2,1,1,5,1,1,1,1,#NULL!
cjcc1314,12,1,1,0,0,1,1,0,0,0,0,0,0,1,0,0,0,0,0,0,1,4,9,3,2,5,2,3,2,2,1,1,5,2,2,1,1,1
cfgc1315,12,1,1,0,0,0,1,0,0,0,0,0,0,1,0,0,0,0,0,0,0,4,10,2,1,4,4,2,2,2,2,1,4,2,1,1,1,#NULL!
cbkc1316,16,1,1,0,0,0,1,0,0,0,0,0,0,1,0,0,0,0,0,0,0,4,10,2,1,2,1,2,1,2,2,1,2,1,1,1,1,#NULL!
chdd1321,10,1,1,0,0,0,1,0,0,0,0,0,0,1,0,0,0,0,0,0,1,3,9,3,1,4,1,1,1,1,1,1,4,1,1,1,1,#NULL!
cvod1324,12,1,0,0,0,0,1,0,0,0,0,0,0,0,0,0,0,0,0,0,1,3,8,2,1,4,3,1,1,4,1,1,4,1,1,1,1,#NULL!
crsd1325,13,1,1,0,0,0,1,0,0,0,0,0,0,1,0,0,0,0,0,0,0,4,10,3,1,5,1,1,1,7,1,1,5,2,1,1,1,#NULL!
cfee1328,14,1,1,0,0,0,1,0,0,0,0,0,0,1,0,0,0,0,0,1,0,4,14,3,3,6,2,1,2,5,1,2,5,1,1,2,1,#NULL!
cbie1329,16,1,1,0,0,0,1,0,0,0,0,0,0,1,0,0,0,0,0,0,0,5,13,2,2,5,4,2,2,5,1,1,5,2,4,3,1,#NULL!
ctpe1331,9,1,1,0,0,0,0,0,1,0,0,0,0,1,0,0,0,0,0,1,0,3,9,2,1,2,1,1,1,1,1,1,2,1,1,1,1,#NULL!
chbf1334,14,1,1,0,0,0,0,0,1,0,0,0,0,1,0,0,0,0,0,1,0,4,12,2,4,4,3,2,1,5,1,1,5,1,1,1,1,#NULL!
czif1336,12,99,99,99,99,99,99,99,99,99,99,99,99,99,99,99,99,99,99,99,99,4,10,3,99,6,2,2,2,2,2,1,6,3,2,1,1,#NULL!
cvmf1337,11,0,1,0,0,1,1,0,0,0,0,0,0,1,0,0,0,0,0,0,0,3,11,2,1,1,2,2,1,1,2,1,1,2,1,1,2,#NULL!
cnuf1339,14,1,1,0,0,1,0,0,0,0,0,0,0,1,0,0,0,0,0,0,0,4,14,2,2,4,4,2,2,1,2,2,1,1,1,1,1,#NULL!
cjyf1340,14,1,0,0,0,0,0,0,0,0,0,0,0,1,0,0,0,0,0,0,0,4,14,2,2,2,2,2,2,2,2,2,2,2,2,2,2,#NULL!
cfcg1341,10,1,1,0,0,0,1,0,0,0,0,0,0,1,0,0,0,0,0,0,0,3,9,2,1,1,1,5,1,1,1,1,1,1,1,1,1,#NULL!
cbgg1342,11,1,1,0,0,0,1,0,0,0,0,0,0,1,0,0,0,0,0,0,0,4,11,4,4,4,4,4,1,2,1,1,6,1,1,1,1,#NULL!
cprg1345,12,1,1,0,0,1,1,0,0,0,0,0,0,1,0,0,0,0,0,0,0,4,10,2,1,4,1,4,1,2,1,1,5,4,2,1,1,#NULL!
clvg1346,14,1,1,0,0,0,1,0,0,0,0,0,0,1,0,0,0,0,0,0,0,4,11,3,1,2,2,2,1,2,2,1,2,1,1,1,1,#NULL!
czgh1349,16,1,1,0,0,0,1,0,0,0,0,0,0,1,0,0,0,0,0,0,0,5,17,2,1,1,1,1,1,4,3,4,8,3,2,1,1,2
croh1351,13,1,1,0,0,0,0,0,0,0,0,0,0,1,0,0,0,0,0,1,0,4,13,2,4,1,1,3,1,1,1,3,3,3,3,1,1,1
cnsh1352,10,1,1,0,0,1,0,0,0,0,0,0,0,1,0,0,0,0,0,0,0,3,10,2,1,2,1,1,1,2,1,1,1,1,1,2,1,#NULL!
cbei1355,14,1,1,0,0,0,1,0,0,0,0,0,0,1,0,0,0,0,0,0,0,4,1,2,4,4,1,1,1,1,1,1,5,1,5,6,1,#NULL!
ctli1357,14,99,99,99,99,99,99,99,99,99,99,99,99,99,99,99,99,99,99,99,99,99,10,3,2,2,2,2,2,7,2,7,7,2,2,2,2,2
cppi1358,15,0,1,1,0,0,0,0,0,0,0,0,0,1,0,0,0,0,0,0,0,4,13,2,2,2,2,2,1,2,2,2,2,2,2,2,2,#NULL!
czej1362,11,1,1,0,0,0,0,0,0,0,0,0,0,1,0,0,0,0,0,0,0,3,7,4,1,99,99,99,99,99,99,3,1,1,1,1,1,1
crmj1364,13,1,1,0,0,1,1,0,0,0,0,0,0,1,0,0,0,0,0,0,0,4,11,4,7,1,6,5,5,5,5,1,7,7,4,7,7,#NULL!
czcl1375,12,1,1,0,0,0,1,0,0,0,0,0,0,1,0,0,0,0,0,0,0,4,9,2,1,2,1,4,99,99,99,99,99,4,1,1,1,#NULL!
cvgl1376,13,1,1,0,0,0,1,0,0,0,0,0,0,1,0,0,0,0,0,0,0,4,11,2,1,4,1,4,1,4,3,4,1,3,3,3,3,2
cnol1378,15,1,1,0,0,0,1,0,0,0,0,0,0,1,0,0,0,0,0,1,0,4,11,4,2,1,1,6,1,6,5,2,6,6,2,1,1,#NULL!
cjsl1379,17,1,1,0,0,0,1,0,0,0,0,0,0,1,0,0,0,0,0,0,0,5,13,3,5,5,2,2,1,5,1,1,5,1,1,1,1,#NULL!
cbam1381,9,1,1,0,0,0,1,0,0,0,0,0,0,1,0,0,0,0,0,0,0,3,8,2,2,2,1,1,1,1,1,1,2,2,2,1,1,#NULL!
cxdm1382,10,0,0,0,0,1,0,0,0,0,0,0,0,1,0,0,0,0,0,0,0,3,10,1,1,5,6,5,1,1,1,6,1,5,1,1,1,1
cplm1384,13,1,1,0,0,0,1,0,0,0,0,0,0,1,0,0,0,0,0,0,0,4,10,1,1,1,1,1,1,1,5,1,1,5,1,1,1,#NULL!
chtm1386,9,1,1,0,0,0,1,0,0,0,0,0,0,1,0,0,0,0,0,0,0,4,9,2,1,2,1,1,1,1,1,1,2,1,1,1,1,#NULL!
cdxm1387,16,0,0,0,0,1,0,0,0,0,0,0,0,1,0,0,0,0,0,0,0,99,12,99,7,7,7,7,7,7,7,5,5,5,5,5,5,2
czan1388,17,1,1,0,0,1,1,0,0,0,0,0,0,0,1,0,0,0,0,0,0,5,13,2,6,6,1,1,2,6,3,3,6,2,2,2,1,1
cnmn1391,9,1,1,0,0,0,1,0,0,0,0,0,0,1,0,0,0,0,0,0,0,4,9,2,1,2,2,1,1,1,1,2,2,1,1,2,1,#NULL!
cjqn1392,10,1,1,0,0,1,1,0,0,0,0,0,0,1,0,0,0,0,0,0,0,3,6,3,1,1,1,5,1,1,5,1,1,1,1,4,1,#NULL!
cbyn1394,13,1,1,0,0,0,1,0,0,0,0,0,0,1,0,0,0,0,0,0,0,4,13,3,5,5,2,2,5,2,2,1,2,1,1,1,1,#NULL!
ctfo1396,14,0,0,0,0,1,1,0,0,0,0,0,0,1,0,0,0,0,0,0,0,4,8,3,3,5,5,5,3,2,4,4,2,4,4,4,4,2
cpjo1397,17,1,1,0,0,0,1,0,0,0,0,0,0,1,0,0,0,0,0,1,0,5,12,3,2,2,2,2,2,5,2,2,7,2,2,2,2,#NULL!
coaa1400,13,1,1,0,0,1,1,0,0,0,0,0,0,1,0,0,0,0,0,0,0,4,1,2,2,2,2,4,2,3,3,2,2,4,3,2,2,#NULL!
ckea1401,10,0,1,0,0,0,1,0,0,0,0,0,0,1,0,0,0,0,0,0,0,7,10,2,1,3,1,4,1,1,1,1,1,3,2,1,2,#NULL!
